consonant,voice,place,manner,prosody,condur,vowdur,subject,token
f,0,0,1,1,229,236,6,9
v,1,0,1,1,112,322,7,9
v,1,0,1,1,136,275,5,10
z,1,1,1,1,232,257,11,7
f,0,0,1,1,255,326,3,1
s,0,1,1,1,234,180,9,7
v,1,0,1,1,237,298,3,6
v,1,0,1,1,130,361,20,5
t,0,1,0,1,196,217,14,7
d,1,1,0,1,167,274,12,5
t,0,1,0,1,263,211,18,3
d,1,1,0,1,128,250,8,6
b,1,0,0,1,152,202,15,1
z,1,1,1,1,177,290,18,1
d,1,1,0,1,140,308,12,9
p,0,0,0,1,111,200,9,8
z,1,1,1,1,206,282,16,7
v,1,0,1,1,182,258,18,10
f,0,0,1,1,61,205,11,4
s,0,1,1,1,265,208,18,6
f,0,0,1,1,232,217,20,5
s,0,1,1,1,253,222,19,1
b,1,0,0,1,137,310,14,1
p,0,0,0,1,118,175,11,9
t,0,1,0,1,260,223,10,10
f,0,0,1,1,274,178,19,2
v,1,0,1,1,206,268,8,2
s,0,1,1,1,216,259,5,6
b,1,0,0,1,175,285,16,9
f,0,0,1,1,204,206,9,7
t,0,1,0,1,156,229,20,2
t,0,1,0,1,201,200,4,10
s,0,1,1,1,146,224,5,1
s,0,1,1,1,237,307,10,5
b,1,0,0,1,173,228,11,10
v,1,0,1,1,214,359,3,8
d,1,1,0,1,156,287,5,9
f,0,0,1,1,245,287,3,4
b,1,0,0,1,189,250,12,9
t,0,1,0,1,174,165,18,6
v,1,0,1,1,122,372,7,8
t,0,1,0,1,193,178,18,4
z,1,1,1,1,204,261,19,6
t,0,1,0,1,256,174,10,6
z,1,1,1,1,210,298,6,3
s,0,1,1,1,203,194,17,10
v,1,0,1,1,130,303,10,5
v,1,0,1,1,176,247,17,2
d,1,1,0,1,73,326,7,4
b,1,0,0,1,136,210,17,1
b,1,0,0,1,155,259,5,9
v,1,0,1,1,131,270,4,8
b,1,0,0,1,108,254,16,3
s,0,1,1,1,259,218,6,9
z,1,1,1,1,186,265,13,6
f,0,0,1,1,210,242,16,6
v,1,0,1,1,81,368,15,4
z,1,1,1,1,196,281,9,9
f,0,0,1,1,185,217,11,8
t,0,1,0,1,136,163,19,8
z,1,1,1,1,181,353,7,9
s,0,1,1,1,177,194,9,1
z,1,1,1,1,203,324,10,2
p,0,0,0,1,132,215,7,8
t,0,1,0,1,154,160,19,1
d,1,1,0,1,86,242,9,3
t,0,1,0,1,203,196,6,8
v,1,0,1,1,142,323,6,10
p,0,0,0,1,305,193,10,10
t,0,1,0,1,164,198,14,8
z,1,1,1,1,246,235,15,10
s,0,1,1,1,219,310,4,10
z,1,1,1,1,156,337,10,8
t,0,1,0,1,177,199,20,4
f,0,0,1,1,239,255,14,1
t,0,1,0,1,200,138,17,8
t,0,1,0,1,260,184,10,4
f,0,0,1,1,219,233,14,9
z,1,1,1,1,198,284,1,5
s,0,1,1,1,268,254,13,1
d,1,1,0,1,111,234,13,4
d,1,1,0,1,220,264,20,9
z,1,1,1,1,182,374,14,5
b,1,0,0,1,247,296,10,9
p,0,0,0,1,219,175,8,5
v,1,0,1,1,166,213,18,4
v,1,0,1,1,97,278,9,1
s,0,1,1,1,179,184,9,6
z,1,1,1,1,209,306,14,6
f,0,0,1,1,219,224,12,9
v,1,0,1,1,163,329,10,2
t,0,1,0,1,206,218,20,1
z,1,1,1,1,307,289,3,7
p,0,0,0,1,128,150,11,7
s,0,1,1,1,244,247,8,8
f,0,0,1,1,316,200,2,2
s,0,1,1,1,247,343,3,9
t,0,1,0,1,216,182,6,10
v,1,0,1,1,173,282,16,1
v,1,0,1,1,154,288,8,10
s,0,1,1,1,224,217,6,7
t,0,1,0,1,195,212,4,7
v,1,0,1,1,201,246,3,1
t,0,1,0,1,136,204,9,6
d,1,1,0,1,92,335,3,6
p,0,0,0,1,169,213,16,2
f,0,0,1,1,216,202,19,3
s,0,1,1,1,179,255,17,9
b,1,0,0,1,145,278,14,5
p,0,0,0,1,109,137,7,7
s,0,1,1,1,244,220,18,10
z,1,1,1,1,170,265,5,6
v,1,0,1,1,124,235,19,9
v,1,0,1,1,224,278,16,7
f,0,0,1,1,239,195,18,10
s,0,1,1,1,200,267,5,10
v,1,0,1,1,177,269,19,6
d,1,1,0,1,53,259,4,9
p,0,0,0,1,170,153,18,6
b,1,0,0,1,219,180,15,5
v,1,0,1,1,121,332,14,1
s,0,1,1,1,255,312,14,8
d,1,1,0,1,145,263,6,3
v,1,0,1,1,132,252,12,1
p,0,0,0,1,190,195,8,7
f,0,0,1,1,210,276,8,10
p,0,0,0,1,159,181,19,4
f,0,0,1,1,142,230,16,2
d,1,1,0,1,121,217,1,4
d,1,1,0,1,136,280,10,5
d,1,1,0,1,134,341,3,4
v,1,0,1,1,111,281,15,6
z,1,1,1,1,164,325,12,2
z,1,1,1,1,215,311,4,7
t,0,1,0,1,131,206,11,6
z,1,1,1,1,224,246,18,8
s,0,1,1,1,213,223,13,3
v,1,0,1,1,154,312,4,10
d,1,1,0,1,157,289,20,1
f,0,0,1,1,238,204,17,10
v,1,0,1,1,57,341,7,4
p,0,0,0,1,183,187,16,9
z,1,1,1,1,248,289,2,4
s,0,1,1,1,193,279,16,7
f,0,0,1,1,300,205,11,2
z,1,1,1,1,610,385,3,8
b,1,0,0,1,136,216,2,9
f,0,0,1,1,214,244,20,7
z,1,1,1,1,153,260,11,3
d,1,1,0,1,131,297,14,9
b,1,0,0,1,86,194,11,6
d,1,1,0,1,176,196,17,3
t,0,1,0,1,165,209,13,10
b,1,0,0,1,99,202,1,10
t,0,1,0,1,150,200,11,4
t,0,1,0,1,197,151,8,2
z,1,1,1,1,171,369,20,3
t,0,1,0,1,216,167,6,1
v,1,0,1,1,123,267,4,6
z,1,1,1,1,192,338,8,7
p,0,0,0,1,149,178,16,6
p,0,0,0,1,176,181,11,6
p,0,0,0,1,184,170,18,10
p,0,0,0,1,213,134,15,4
s,0,1,1,1,194,312,7,8
f,0,0,1,1,243,260,8,5
b,1,0,0,1,187,269,20,9
v,1,0,1,1,137,294,1,7
t,0,1,0,1,225,170,13,7
f,0,0,1,1,236,206,5,3
b,1,0,0,1,126,254,12,3
b,1,0,0,1,83,251,4,1
d,1,1,0,1,146,273,3,7
z,1,1,1,1,137,216,17,4
p,0,0,0,1,146,192,14,7
f,0,0,1,1,195,218,6,8
d,1,1,0,1,132,321,14,6
t,0,1,0,1,135,195,19,5
v,1,0,1,1,123,365,12,5
d,1,1,0,1,152,218,15,1
t,0,1,0,1,210,220,6,6
f,0,0,1,1,184,255,4,5
p,0,0,0,1,215,170,2,9
p,0,0,0,1,106,216,9,4
v,1,0,1,1,148,273,6,9
t,0,1,0,1,181,186,18,8
s,0,1,1,1,285,258,18,2
v,1,0,1,1,106,394,7,10
f,0,0,1,1,161,274,7,4
b,1,0,0,1,79,213,11,3
f,0,0,1,1,193,195,13,7
f,0,0,1,1,249,286,10,6
b,1,0,0,1,132,295,20,2
b,1,0,0,1,103,270,16,4
f,0,0,1,1,186,236,4,8
v,1,0,1,1,197,208,13,5
b,1,0,0,1,161,283,20,8
b,1,0,0,1,108,293,16,8
p,0,0,0,1,181,176,6,10
t,0,1,0,1,243,229,13,1
f,0,0,1,1,229,239,8,4
f,0,0,1,1,248,203,19,1
p,0,0,0,1,251,167,8,10
b,1,0,0,1,112,269,9,8
t,0,1,0,1,206,226,6,7
s,0,1,1,1,214,317,16,1
s,0,1,1,1,217,338,3,5
d,1,1,0,1,82,302,16,10
b,1,0,0,1,148,277,9,9
z,1,1,1,1,177,320,12,6
v,1,0,1,1,183,311,12,8
z,1,1,1,1,164,204,17,10
b,1,0,0,1,148,222,8,4
z,1,1,1,1,171,354,12,8
p,0,0,0,1,142,210,4,2
d,1,1,0,1,116,299,9,10
b,1,0,0,1,226,279,20,5
v,1,0,1,1,143,324,5,8
p,0,0,0,1,119,148,11,4
f,0,0,1,1,264,252,8,6
d,1,1,0,1,114,252,18,7
t,0,1,0,1,142,195,19,3
f,0,0,1,1,316,194,15,8
t,0,1,0,1,113,194,1,2
p,0,0,0,1,125,165,5,6
z,1,1,1,1,175,309,10,10
z,1,1,1,1,175,255,17,2
t,0,1,0,1,172,208,20,5
b,1,0,0,1,97,238,4,8
t,0,1,0,1,187,200,19,4
d,1,1,0,1,150,262,18,4
z,1,1,1,1,258,262,2,3
s,0,1,1,1,300,252,8,2
z,1,1,1,1,179,308,14,3
b,1,0,0,1,153,180,17,6
s,0,1,1,1,219,324,7,10
s,0,1,1,1,269,238,18,3
v,1,0,1,1,232,295,13,1
p,0,0,0,1,138,208,4,1
f,0,0,1,1,231,260,20,1
s,0,1,1,1,164,319,11,6
d,1,1,0,1,109,306,7,7
z,1,1,1,1,159,309,13,2
t,0,1,0,1,253,168,10,9
d,1,1,0,1,103,267,8,4
s,0,1,1,1,249,208,19,10
f,0,0,1,1,227,264,3,3
v,1,0,1,1,150,231,17,9
b,1,0,0,1,196,274,12,10
d,1,1,0,1,111,202,13,10
s,0,1,1,1,294,211,15,6
p,0,0,0,1,136,214,7,5
b,1,0,0,1,151,243,8,6
t,0,1,0,1,175,193,9,10
b,1,0,0,1,96,215,1,9
f,0,0,1,1,229,208,8,9
t,0,1,0,1,277,120,15,2
s,0,1,1,1,138,230,11,9
p,0,0,0,1,170,135,18,1
v,1,0,1,1,147,292,14,8
v,1,0,1,1,116,304,9,6
p,0,0,0,1,188,155,13,10
t,0,1,0,1,182,194,11,9
p,0,0,0,1,139,215,20,3
b,1,0,0,1,150,248,1,4
d,1,1,0,1,181,316,10,6
p,0,0,0,1,123,157,11,1
z,1,1,1,1,233,283,4,5
s,0,1,1,1,214,197,17,5
d,1,1,0,1,106,220,13,8
v,1,0,1,1,98,336,9,7
d,1,1,0,1,124,281,7,5
t,0,1,0,1,261,216,6,9
v,1,0,1,1,184,249,13,4
p,0,0,0,1,158,199,13,2
z,1,1,1,1,166,287,14,1
t,0,1,0,1,228,170,8,10
s,0,1,1,1,211,316,7,6
d,1,1,0,1,139,298,14,10
d,1,1,0,1,131,226,13,3
v,1,0,1,1,211,209,18,9
f,0,0,1,1,271,222,20,9
d,1,1,0,1,70,259,16,7
t,0,1,0,1,175,239,7,1
v,1,0,1,1,113,283,9,2
t,0,1,0,1,177,195,18,7
v,1,0,1,1,224,324,4,1
s,0,1,1,1,218,207,13,9
z,1,1,1,1,209,255,15,2
f,0,0,1,1,231,226,4,10
f,0,0,1,1,181,261,11,1
f,0,0,1,1,299,162,15,3
v,1,0,1,1,65,335,7,1
d,1,1,0,1,169,242,15,8
v,1,0,1,1,125,391,20,10
p,0,0,0,1,178,194,3,7
s,0,1,1,1,237,309,10,3
v,1,0,1,1,71,372,7,5
z,1,1,1,1,197,271,9,5
t,0,1,0,1,209,215,3,5
z,1,1,1,1,190,227,1,9
s,0,1,1,1,263,238,13,2
t,0,1,0,1,169,195,7,3
z,1,1,1,1,196,347,12,10
b,1,0,0,1,181,224,19,4
v,1,0,1,1,120,363,14,6
t,0,1,0,1,195,219,16,7
f,0,0,1,1,223,180,18,1
f,0,0,1,1,191,269,11,3
d,1,1,0,1,108,286,6,2
s,0,1,1,1,250,259,2,5
t,0,1,0,1,133,186,1,1
b,1,0,0,1,86,250,1,7
d,1,1,0,1,214,254,11,4
z,1,1,1,1,173,308,13,1
d,1,1,0,1,245,268,3,2
d,1,1,0,1,104,300,3,8
f,0,0,1,1,244,252,10,2
p,0,0,0,1,175,160,3,2
d,1,1,0,1,96,202,18,9
z,1,1,1,1,211,308,16,4
f,0,0,1,1,227,252,20,2
p,0,0,0,1,139,163,11,3
p,0,0,0,1,233,176,8,4
v,1,0,1,1,182,181,17,8
d,1,1,0,1,168,293,12,4
s,0,1,1,1,404,224,20,6
z,1,1,1,1,170,309,7,6
p,0,0,0,1,169,158,12,8
z,1,1,1,1,198,335,7,4
p,0,0,0,1,169,127,8,8
v,1,0,1,1,180,262,11,3
p,0,0,0,1,140,231,7,1
v,1,0,1,1,139,285,5,3
t,0,1,0,1,185,125,15,10
t,0,1,0,1,221,149,1,5
v,1,0,1,1,175,313,1,5
v,1,0,1,1,196,231,13,3
t,0,1,0,1,222,151,15,3
s,0,1,1,1,226,247,5,9
d,1,1,0,1,76,281,4,5
v,1,0,1,1,107,297,5,4
d,1,1,0,1,133,279,14,5
v,1,0,1,1,161,364,12,9
f,0,0,1,1,306,165,15,4
z,1,1,1,1,187,357,8,5
t,0,1,0,1,232,269,3,7
p,0,0,0,1,183,179,3,9
b,1,0,0,1,176,287,14,7
s,0,1,1,1,313,226,20,10
f,0,0,1,1,264,155,15,6
s,0,1,1,1,277,227,2,2
s,0,1,1,1,228,199,17,2
p,0,0,0,1,154,179,2,4
p,0,0,0,1,164,175,2,5
z,1,1,1,1,185,275,11,9
b,1,0,0,1,200,226,2,3
d,1,1,0,1,137,263,11,7
p,0,0,0,1,189,156,8,2
s,0,1,1,1,218,290,16,5
f,0,0,1,1,188,183,9,6
z,1,1,1,1,209,317,4,2
b,1,0,0,1,206,368,10,5
z,1,1,1,1,257,290,3,2
f,0,0,1,1,187,214,5,4
p,0,0,0,1,269,126,15,6
b,1,0,0,1,179,257,20,10
z,1,1,1,1,214,271,18,10
p,0,0,0,1,268,188,10,3
p,0,0,0,1,206,188,3,3
d,1,1,0,1,108,253,4,3
z,1,1,1,1,124,254,9,2
d,1,1,0,1,222,284,20,7
b,1,0,0,1,110,221,19,6
t,0,1,0,1,224,247,7,8
s,0,1,1,1,324,174,15,3
v,1,0,1,1,167,347,6,6
d,1,1,0,1,128,266,10,4
p,0,0,0,1,201,173,6,8
f,0,0,1,1,276,254,3,7
d,1,1,0,1,117,194,17,2
v,1,0,1,1,233,334,3,7
s,0,1,1,1,212,206,9,4
b,1,0,0,1,243,295,10,10
b,1,0,0,1,131,232,6,5
t,0,1,0,1,261,124,15,7
d,1,1,0,1,126,308,8,1
b,1,0,0,1,208,221,8,10
f,0,0,1,1,221,182,1,8
z,1,1,1,1,245,262,19,4
p,0,0,0,1,269,208,10,2
z,1,1,1,1,134,317,12,7
f,0,0,1,1,211,238,5,1
t,0,1,0,1,205,182,15,6
b,1,0,0,1,82,295,3,10
d,1,1,0,1,158,292,11,5
v,1,0,1,1,159,249,19,8
t,0,1,0,1,121,187,1,4
z,1,1,1,1,248,211,2,7
f,0,0,1,1,259,164,1,5
v,1,0,1,1,161,347,8,5
t,0,1,0,1,205,148,17,10
f,0,0,1,1,274,207,10,3
b,1,0,0,1,211,295,10,8
d,1,1,0,1,69,296,5,2
v,1,0,1,1,134,254,17,6
b,1,0,0,1,201,249,10,4
p,0,0,0,1,230,152,2,7
f,0,0,1,1,142,252,5,8
d,1,1,0,1,53,246,4,4
v,1,0,1,1,195,309,10,10
v,1,0,1,1,163,254,13,8
s,0,1,1,1,267,178,6,1
t,0,1,0,1,205,174,8,1
d,1,1,0,1,80,219,2,8
s,0,1,1,1,236,239,6,4
d,1,1,0,1,92,237,2,6
v,1,0,1,1,165,241,13,7
p,0,0,0,1,187,162,7,3
d,1,1,0,1,171,267,14,8
p,0,0,0,1,221,154,5,4
z,1,1,1,1,129,293,19,9
z,1,1,1,1,133,328,5,10
f,0,0,1,1,226,247,12,10
b,1,0,0,1,121,220,1,8
b,1,0,0,1,100,138,4,4
b,1,0,0,1,181,218,20,4
v,1,0,1,1,154,248,6,5
f,0,0,1,1,204,302,7,7
f,0,0,1,1,207,188,13,8
f,0,0,1,1,209,216,4,2
t,0,1,0,1,159,214,20,7
s,0,1,1,1,306,269,20,7
b,1,0,0,1,150,220,6,3
z,1,1,1,1,248,254,4,6
d,1,1,0,1,115,227,18,8
z,1,1,1,1,191,353,8,3
f,0,0,1,1,236,261,20,3
d,1,1,0,1,171,234,2,2
z,1,1,1,1,214,306,18,7
t,0,1,0,1,221,167,6,4
t,0,1,0,1,269,175,18,9
z,1,1,1,1,174,367,20,6
d,1,1,0,1,115,266,5,4
t,0,1,0,1,236,225,3,4
s,0,1,1,1,237,190,1,8
d,1,1,0,1,94,309,9,5
v,1,0,1,1,143,312,5,5
p,0,0,0,1,200,144,5,10
p,0,0,0,1,178,197,5,8
b,1,0,0,1,164,276,12,6
b,1,0,0,1,233,255,5,2
p,0,0,0,1,151,216,5,7
f,0,0,1,1,213,223,6,5
p,0,0,0,1,198,190,18,8
t,0,1,0,1,194,202,8,4
b,1,0,0,1,113,243,2,10
s,0,1,1,1,225,204,19,5
v,1,0,1,1,105,281,16,2
s,0,1,1,1,214,315,7,3
v,1,0,1,1,241,268,11,5
b,1,0,0,1,227,238,12,2
s,0,1,1,1,173,331,16,9
t,0,1,0,1,229,187,2,9
p,0,0,0,1,144,201,8,6
s,0,1,1,1,224,271,7,4
f,0,0,1,1,225,248,4,6
s,0,1,1,1,229,195,17,8
p,0,0,0,1,192,162,1,5
t,0,1,0,1,121,195,9,7
f,0,0,1,1,199,227,18,3
z,1,1,1,1,184,378,15,3
v,1,0,1,1,117,293,18,5
d,1,1,0,1,174,281,8,10
v,1,0,1,1,155,222,17,5
f,0,0,1,1,255,220,2,10
f,0,0,1,1,169,269,5,6
z,1,1,1,1,180,375,8,10
d,1,1,0,1,145,282,12,8
f,0,0,1,1,215,255,14,3
t,0,1,0,1,220,203,3,2
t,0,1,0,1,210,181,2,8
s,0,1,1,1,187,239,5,8
f,0,0,1,1,218,243,12,3
b,1,0,0,1,127,246,1,6
d,1,1,0,1,114,188,17,9
z,1,1,1,1,207,292,6,7
p,0,0,0,1,170,208,3,6
v,1,0,1,1,225,369,10,4
v,1,0,1,1,190,292,15,1
s,0,1,1,1,371,205,15,9
p,0,0,0,1,162,178,13,3
b,1,0,0,1,75,231,2,4
p,0,0,0,1,202,174,5,5
s,0,1,1,1,239,201,13,6
d,1,1,0,1,123,341,3,5
f,0,0,1,1,172,243,7,5
d,1,1,0,1,129,252,7,3
d,1,1,0,1,96,211,1,2
t,0,1,0,1,159,169,9,3
b,1,0,0,1,133,302,7,8
d,1,1,0,1,122,257,19,6
d,1,1,0,1,145,195,6,4
b,1,0,0,1,167,184,17,10
z,1,1,1,1,154,246,6,8
b,1,0,0,1,108,214,1,1
s,0,1,1,1,217,206,19,3
z,1,1,1,1,186,223,17,7
d,1,1,0,1,104,364,10,1
f,0,0,1,1,261,217,2,4
f,0,0,1,1,214,251,14,4
b,1,0,0,1,126,229,9,3
s,0,1,1,1,258,360,3,3
d,1,1,0,1,61,258,5,10
p,0,0,0,1,200,173,12,1
z,1,1,1,1,190,318,7,10
s,0,1,1,1,227,342,7,5
p,0,0,0,1,165,187,3,4
s,0,1,1,1,205,259,4,8
d,1,1,0,1,83,255,9,2
f,0,0,1,1,288,207,10,9
v,1,0,1,1,148,290,4,2
v,1,0,1,1,152,318,9,9
d,1,1,0,1,103,274,7,10
t,0,1,0,1,241,164,2,6
z,1,1,1,1,164,253,12,3
f,0,0,1,1,268,234,8,7
z,1,1,1,1,176,310,15,4
s,0,1,1,1,161,259,11,2
f,0,0,1,1,318,247,3,2
s,0,1,1,1,263,171,13,8
v,1,0,1,1,107,359,11,4
z,1,1,1,1,113,268,9,1
d,1,1,0,1,152,217,18,10
d,1,1,0,1,110,262,6,8
b,1,0,0,1,192,295,8,1
b,1,0,0,1,160,271,20,3
v,1,0,1,1,161,280,6,3
t,0,1,0,1,187,143,6,2
p,0,0,0,1,159,190,16,8
s,0,1,1,1,189,366,7,2
v,1,0,1,1,90,351,14,2
s,0,1,1,1,183,283,16,6
f,0,0,1,1,112,195,17,5
f,0,0,1,1,181,196,13,10
s,0,1,1,1,313,186,15,5
t,0,1,0,1,225,178,12,5
f,0,0,1,1,256,201,1,7
z,1,1,1,1,142,316,5,9
s,0,1,1,1,222,397,3,10
p,0,0,0,1,248,191,6,6
b,1,0,0,1,138,287,7,1
p,0,0,0,1,181,174,13,6
s,0,1,1,1,204,232,1,6
d,1,1,0,1,103,220,13,6
t,0,1,0,1,235,202,8,3
t,0,1,0,1,194,188,19,2
t,0,1,0,1,263,173,1,3
s,0,1,1,1,255,185,1,9
t,0,1,0,1,158,212,20,3
b,1,0,0,1,199,259,12,5
d,1,1,0,1,172,241,6,5
s,0,1,1,1,257,233,12,8
b,1,0,0,1,159,274,16,1
f,0,0,1,1,266,244,10,5
t,0,1,0,1,120,213,9,4
b,1,0,0,1,131,258,8,2
b,1,0,0,1,154,220,17,3
b,1,0,0,1,168,291,7,6
b,1,0,0,1,162,257,14,10
p,0,0,0,1,122,195,7,9
d,1,1,0,1,174,303,14,3
s,0,1,1,1,190,325,11,4
s,0,1,1,1,254,240,2,4
d,1,1,0,1,74,214,1,3
p,0,0,0,1,190,213,14,2
p,0,0,0,1,274,157,10,4
f,0,0,1,1,232,191,1,4
z,1,1,1,1,216,266,19,3
b,1,0,0,1,122,238,5,6
t,0,1,0,1,281,179,10,7
v,1,0,1,1,153,275,11,10
t,0,1,0,1,237,197,12,8
z,1,1,1,1,122,300,1,2
t,0,1,0,1,172,190,4,4
p,0,0,0,1,168,146,18,9
s,0,1,1,1,274,227,2,7
v,1,0,1,1,132,277,11,1
f,0,0,1,1,199,224,12,2
s,0,1,1,1,252,305,4,2
p,0,0,0,1,272,224,10,7
s,0,1,1,1,297,260,8,1
s,0,1,1,1,217,323,16,4
f,0,0,1,1,227,243,20,8
v,1,0,1,1,199,292,8,3
s,0,1,1,1,242,208,17,6
z,1,1,1,1,193,313,8,8
d,1,1,0,1,150,250,19,7
z,1,1,1,1,163,294,5,3
v,1,0,1,1,171,254,2,2
f,0,0,1,1,208,282,16,9
v,1,0,1,1,178,269,8,7
p,0,0,0,1,202,177,6,9
t,0,1,0,1,218,197,8,6
f,0,0,1,1,230,231,11,7
s,0,1,1,1,233,317,10,9
d,1,1,0,1,118,216,18,2
b,1,0,0,1,102,241,5,1
f,0,0,1,1,231,229,6,7
v,1,0,1,1,170,222,11,7
t,0,1,0,1,230,180,7,4
t,0,1,0,1,175,196,1,8
p,0,0,0,1,254,105,15,3
t,0,1,0,1,205,156,1,10
p,0,0,0,1,253,170,6,1
p,0,0,0,1,198,203,3,8
f,0,0,1,1,165,284,14,6
t,0,1,0,1,228,182,16,6
s,0,1,1,1,253,237,6,3
p,0,0,0,1,134,150,19,6
b,1,0,0,1,167,285,12,7
t,0,1,0,1,204,218,7,7
d,1,1,0,1,113,309,12,6
t,0,1,0,1,208,255,7,10
b,1,0,0,1,159,252,8,7
z,1,1,1,1,206,319,7,1
d,1,1,0,1,114,263,5,5
f,0,0,1,1,162,197,13,5
d,1,1,0,1,148,311,7,8
d,1,1,0,1,194,241,15,4
z,1,1,1,1,166,261,6,5
d,1,1,0,1,114,283,20,2
s,0,1,1,1,192,342,10,8
f,0,0,1,1,254,256,6,6
p,0,0,0,1,160,173,5,9
z,1,1,1,1,215,285,3,1
s,0,1,1,1,162,318,11,10
z,1,1,1,1,153,435,20,7
f,0,0,1,1,372,108,15,7
f,0,0,1,1,213,220,6,3
z,1,1,1,1,245,272,2,9
v,1,0,1,1,159,335,11,6
s,0,1,1,1,220,311,16,10
t,0,1,0,1,170,201,13,3
t,0,1,0,1,135,182,1,9
z,1,1,1,1,195,277,18,2
d,1,1,0,1,164,245,20,10
b,1,0,0,1,215,238,3,2
d,1,1,0,1,141,200,17,7
d,1,1,0,1,108,267,16,8
z,1,1,1,1,194,335,7,5
f,0,0,1,1,152,280,11,10
b,1,0,0,1,214,187,12,1
v,1,0,1,1,148,253,1,9
d,1,1,0,1,141,184,17,1
s,0,1,1,1,212,355,14,4
d,1,1,0,1,110,196,9,1
s,0,1,1,1,198,319,4,9
d,1,1,0,1,92,253,16,3
t,0,1,0,1,351,217,3,9
v,1,0,1,1,156,271,1,6
p,0,0,0,1,253,190,10,1
t,0,1,0,1,187,216,14,9
v,1,0,1,1,162,271,8,9
d,1,1,0,1,149,158,15,10
s,0,1,1,1,229,188,9,3
z,1,1,1,1,164,323,16,9
v,1,0,1,1,142,360,14,10
s,0,1,1,1,237,283,2,1
z,1,1,1,1,171,353,14,2
f,0,0,1,1,165,180,9,3
s,0,1,1,1,242,309,10,7
b,1,0,0,1,189,243,18,2
v,1,0,1,1,141,259,19,5
s,0,1,1,1,209,164,12,1
v,1,0,1,1,132,287,8,4
b,1,0,0,1,94,297,5,8
z,1,1,1,1,190,244,11,1
b,1,0,0,1,167,224,11,8
p,0,0,0,1,147,158,9,1
f,0,0,1,1,248,159,1,3
v,1,0,1,1,131,326,12,3
b,1,0,0,1,100,261,4,7
b,1,0,0,1,102,208,19,9
t,0,1,0,1,219,174,12,2
z,1,1,1,1,165,270,13,7
d,1,1,0,1,153,290,6,6
s,0,1,1,1,243,398,3,6
d,1,1,0,1,164,268,11,6
z,1,1,1,1,261,251,2,2
p,0,0,0,1,194,188,12,6
p,0,0,0,1,160,168,16,3
v,1,0,1,1,135,318,14,9
v,1,0,1,1,153,303,20,4
f,0,0,1,1,241,166,15,9
p,0,0,0,1,114,132,1,3
p,0,0,0,1,199,256,14,3
p,0,0,0,1,221,138,18,2
s,0,1,1,1,203,374,10,2
t,0,1,0,1,222,195,3,10
d,1,1,0,1,132,285,12,2
s,0,1,1,1,286,295,20,1
z,1,1,1,1,197,308,19,1
p,0,0,0,1,141,185,2,8
d,1,1,0,1,94,299,16,2
d,1,1,0,1,105,303,3,10
z,1,1,1,1,224,357,20,10
f,0,0,1,1,242,203,17,1
p,0,0,0,1,167,131,17,10
z,1,1,1,1,179,310,8,2
f,0,0,1,1,249,190,2,9
d,1,1,0,1,88,220,6,9
d,1,1,0,1,120,259,11,2
s,0,1,1,1,149,261,5,5
f,0,0,1,1,194,215,19,7
b,1,0,0,1,140,272,14,9
s,0,1,1,1,243,214,6,6
z,1,1,1,1,173,311,10,5
t,0,1,0,1,175,205,18,1
f,0,0,1,1,146,189,13,6
t,0,1,0,1,263,171,18,10
s,0,1,1,1,272,266,10,4
v,1,0,1,1,168,246,19,10
b,1,0,0,1,130,220,6,4
z,1,1,1,1,166,265,19,8
p,0,0,0,1,154,215,20,7
d,1,1,0,1,159,211,15,6
v,1,0,1,1,174,271,2,6
s,0,1,1,1,252,262,8,3
b,1,0,0,1,243,244,10,1
f,0,0,1,1,255,227,3,5
p,0,0,0,1,274,127,15,2
b,1,0,0,1,175,186,18,10
t,0,1,0,1,199,141,12,4
d,1,1,0,1,208,223,17,6
t,0,1,0,1,241,201,2,10
b,1,0,0,1,139,328,3,7
s,0,1,1,1,222,191,12,2
z,1,1,1,1,196,276,18,4
v,1,0,1,1,99,360,14,7
d,1,1,0,1,139,340,10,10
f,0,0,1,1,258,250,5,5
p,0,0,0,1,204,165,6,2
p,0,0,0,1,193,148,17,7
s,0,1,1,1,210,234,6,8
d,1,1,0,1,189,265,2,1
t,0,1,0,1,233,200,12,7
b,1,0,0,1,107,259,4,2
d,1,1,0,1,75,285,6,7
f,0,0,1,1,244,210,9,9
t,0,1,0,1,238,196,16,4
s,0,1,1,1,190,349,3,8
f,0,0,1,1,205,107,15,10
f,0,0,1,1,220,168,1,1
t,0,1,0,1,194,164,16,8
b,1,0,0,1,170,266,5,5
b,1,0,0,1,184,260,10,2
p,0,0,0,1,149,193,9,10
z,1,1,1,1,156,349,14,8
p,0,0,0,1,179,199,11,10
d,1,1,0,1,152,273,19,1
d,1,1,0,1,117,289,16,9
t,0,1,0,1,174,249,3,3
z,1,1,1,1,141,270,1,7
d,1,1,0,1,148,245,20,6
t,0,1,0,1,236,214,7,9
v,1,0,1,1,155,300,1,2
t,0,1,0,1,184,216,5,2
b,1,0,0,1,110,217,13,3
p,0,0,0,1,297,162,10,9
f,0,0,1,1,180,193,17,6
z,1,1,1,1,186,348,14,4
f,0,0,1,1,203,227,1,2
z,1,1,1,1,177,293,5,2
b,1,0,0,1,156,207,13,1
d,1,1,0,1,332,269,3,1
p,0,0,0,1,248,149,17,2
d,1,1,0,1,103,265,18,1
d,1,1,0,1,145,295,3,3
f,0,0,1,1,199,217,18,2
b,1,0,0,1,116,255,6,8
b,1,0,0,1,231,302,10,7
d,1,1,0,1,84,232,2,7
b,1,0,0,1,199,137,15,2
t,0,1,0,1,191,190,13,6
v,1,0,1,1,145,308,4,9
s,0,1,1,1,239,200,6,10
b,1,0,0,1,156,179,15,6
f,0,0,1,1,283,250,10,1
z,1,1,1,1,148,287,9,7
p,0,0,0,1,105,166,19,7
b,1,0,0,1,166,200,11,4
v,1,0,1,1,122,299,12,2
p,0,0,0,1,183,235,12,7
z,1,1,1,1,250,253,2,5
v,1,0,1,1,84,340,7,2
f,0,0,1,1,209,179,11,9
b,1,0,0,1,190,232,8,9
f,0,0,1,1,167,171,17,2
b,1,0,0,1,137,230,5,10
p,0,0,0,1,226,175,6,5
p,0,0,0,1,170,174,16,4
f,0,0,1,1,201,185,19,6
v,1,0,1,1,215,269,2,4
t,0,1,0,1,180,190,13,5
t,0,1,0,1,167,208,4,6
t,0,1,0,1,121,195,5,6
t,0,1,0,1,242,196,2,7
v,1,0,1,1,101,285,3,10
t,0,1,0,1,137,198,9,2
p,0,0,0,1,97,240,9,5
v,1,0,1,1,130,277,16,3
f,0,0,1,1,275,190,6,1
p,0,0,0,1,149,155,13,7
b,1,0,0,1,102,249,3,9
d,1,1,0,1,123,258,11,3
v,1,0,1,1,170,279,10,9
d,1,1,0,1,95,278,7,6
s,0,1,1,1,179,295,5,4
p,0,0,0,1,227,202,8,1
s,0,1,1,1,167,251,11,7
p,0,0,0,1,142,140,1,4
b,1,0,0,1,141,225,18,4
z,1,1,1,1,169,318,9,8
v,1,0,1,1,154,305,9,10
t,0,1,0,1,162,190,19,6
s,0,1,1,1,232,157,17,4
b,1,0,0,1,88,210,2,7
t,0,1,0,1,234,186,16,5
v,1,0,1,1,159,247,17,1
d,1,1,0,1,190,254,15,7
t,0,1,0,1,138,207,11,10
p,0,0,0,1,235,170,18,5
b,1,0,0,1,141,300,7,7
b,1,0,0,1,232,170,15,7
p,0,0,0,1,109,114,4,6
d,1,1,0,1,168,307,20,5
d,1,1,0,1,107,228,1,7
f,0,0,1,1,214,212,14,8
s,0,1,1,1,260,314,4,3
s,0,1,1,1,272,262,2,10
s,0,1,1,1,217,232,12,7
s,0,1,1,1,195,355,14,9
s,0,1,1,1,155,331,14,10
p,0,0,0,1,215,188,8,3
b,1,0,0,1,138,277,16,10
t,0,1,0,1,206,159,4,8
s,0,1,1,1,236,384,10,1
d,1,1,0,1,121,279,5,8
t,0,1,0,1,192,241,5,5
b,1,0,0,1,153,229,8,3
z,1,1,1,1,249,348,2,1
s,0,1,1,1,255,290,14,6
d,1,1,0,1,224,300,10,3
t,0,1,0,1,172,277,3,8
b,1,0,0,1,210,212,2,1
f,0,0,1,1,198,213,20,10
z,1,1,1,1,184,248,1,4
z,1,1,1,1,199,320,3,5
s,0,1,1,1,168,285,5,2
f,0,0,1,1,295,181,6,2
z,1,1,1,1,186,297,19,5
d,1,1,0,1,124,181,17,10
v,1,0,1,1,151,268,16,5
p,0,0,0,1,122,181,19,5
z,1,1,1,1,234,367,20,5
p,0,0,0,1,261,107,15,7
b,1,0,0,1,136,201,13,9
b,1,0,0,1,116,213,9,4
f,0,0,1,1,282,211,3,6
t,0,1,0,1,187,218,12,9
z,1,1,1,1,235,306,4,10
p,0,0,0,1,218,177,12,5
f,0,0,1,1,242,259,4,1
b,1,0,0,1,109,252,9,6
t,0,1,0,1,197,196,16,1
s,0,1,1,1,211,180,1,10
s,0,1,1,1,202,201,19,7
z,1,1,1,1,186,288,6,10
d,1,1,0,1,130,233,7,2
f,0,0,1,1,245,264,3,10
d,1,1,0,1,277,222,2,3
v,1,0,1,1,172,305,20,7
v,1,0,1,1,106,179,15,10
p,0,0,0,1,148,162,1,8
d,1,1,0,1,110,238,11,8
v,1,0,1,1,139,306,8,1
d,1,1,0,1,173,232,15,3
s,0,1,1,1,265,211,19,6
s,0,1,1,1,241,209,18,8
b,1,0,0,1,163,273,3,4
b,1,0,0,1,159,169,15,3
z,1,1,1,1,164,297,7,3
p,0,0,0,1,158,178,11,2
s,0,1,1,1,260,206,1,7
t,0,1,0,1,150,217,9,8
b,1,0,0,1,154,219,6,7
f,0,0,1,1,242,223,4,4
f,0,0,1,1,249,218,14,2
b,1,0,0,1,92,260,4,6
z,1,1,1,1,172,324,5,5
s,0,1,1,1,295,242,14,1
z,1,1,1,1,174,340,10,9
s,0,1,1,1,254,233,14,5
p,0,0,0,1,155,221,14,10
z,1,1,1,1,185,297,8,6
s,0,1,1,1,222,277,14,7
f,0,0,1,1,198,236,12,4
f,0,0,1,1,279,176,15,2
p,0,0,0,1,182,127,17,4
t,0,1,0,1,133,210,11,1
f,0,0,1,1,176,204,19,4
p,0,0,0,1,196,238,5,1
d,1,1,0,1,103,231,2,9
b,1,0,0,1,89,326,3,6
d,1,1,0,1,179,313,10,8
t,0,1,0,1,201,353,3,6
t,0,1,0,1,131,218,11,3
b,1,0,0,1,151,241,19,7
t,0,1,0,1,195,174,16,10
z,1,1,1,1,177,358,7,7
b,1,0,0,1,104,222,1,3
p,0,0,0,1,218,160,15,10
z,1,1,1,1,180,317,6,2
t,0,1,0,1,156,236,9,5
z,1,1,1,1,195,262,1,8
z,1,1,1,1,226,264,19,2
p,0,0,0,1,201,177,20,5
s,0,1,1,1,216,207,13,10
f,0,0,1,1,276,301,10,10
s,0,1,1,1,217,210,19,8
z,1,1,1,1,161,203,17,9
z,1,1,1,1,234,273,2,10
s,0,1,1,1,295,226,8,7
s,0,1,1,1,232,217,6,5
d,1,1,0,1,117,241,20,4
t,0,1,0,1,245,182,14,1
b,1,0,0,1,137,250,16,5
t,0,1,0,1,262,142,17,5
d,1,1,0,1,125,315,10,2
f,0,0,1,1,245,231,2,7
b,1,0,0,1,112,250,16,2
t,0,1,0,1,303,179,15,5
f,0,0,1,1,250,255,2,6
z,1,1,1,1,143,291,5,4
v,1,0,1,1,172,260,19,1
v,1,0,1,1,220,324,10,3
v,1,0,1,1,164,267,1,4
t,0,1,0,1,230,164,17,2
v,1,0,1,1,85,371,7,3
b,1,0,0,1,151,154,11,9
p,0,0,0,1,197,199,14,5
d,1,1,0,1,141,317,10,9
t,0,1,0,1,179,172,5,10
v,1,0,1,1,119,284,9,5
s,0,1,1,1,274,174,15,7
b,1,0,0,1,112,212,18,1
d,1,1,0,1,76,277,5,6
z,1,1,1,1,171,269,9,4
p,0,0,0,1,194,158,18,3
f,0,0,1,1,171,187,18,7
b,1,0,0,1,151,216,13,6
d,1,1,0,1,119,287,8,2
z,1,1,1,1,148,258,15,6
t,0,1,0,1,227,153,12,3
p,0,0,0,1,202,158,11,8
d,1,1,0,1,114,224,18,6
p,0,0,0,1,233,143,16,5
d,1,1,0,1,138,304,14,1
v,1,0,1,1,192,265,4,7
v,1,0,1,1,188,307,15,2
b,1,0,0,1,153,266,6,6
s,0,1,1,1,246,346,3,4
f,0,0,1,1,197,235,13,2
t,0,1,0,1,190,218,14,2
p,0,0,0,1,139,172,19,8
z,1,1,1,1,202,373,10,1
f,0,0,1,1,195,225,12,7
z,1,1,1,1,154,346,20,4
f,0,0,1,1,226,245,6,10
b,1,0,0,1,146,266,1,5
t,0,1,0,1,229,199,4,3
p,0,0,0,1,156,154,19,3
v,1,0,1,1,199,252,13,9
v,1,0,1,1,236,249,10,6
d,1,1,0,1,143,274,8,5
d,1,1,0,1,58,263,4,7
p,0,0,0,1,163,204,5,2
t,0,1,0,1,209,162,17,4
t,0,1,0,1,93,213,5,7
b,1,0,0,1,162,312,14,8
t,0,1,0,1,255,171,8,9
z,1,1,1,1,135,262,11,10
s,0,1,1,1,246,181,6,2
f,0,0,1,1,284,155,1,9
s,0,1,1,1,249,183,15,10
b,1,0,0,1,190,204,13,7
b,1,0,0,1,172,236,15,9
z,1,1,1,1,244,291,3,4
v,1,0,1,1,117,179,17,10
z,1,1,1,1,147,304,6,9
z,1,1,1,1,286,302,3,9
f,0,0,1,1,284,271,10,7
p,0,0,0,1,137,196,7,2
d,1,1,0,1,101,239,4,6
z,1,1,1,1,191,333,10,4
s,0,1,1,1,168,313,11,5
t,0,1,0,1,211,193,7,2
f,0,0,1,1,202,297,12,8
t,0,1,0,1,175,205,7,5
p,0,0,0,1,143,168,1,1
s,0,1,1,1,168,273,16,2
p,0,0,0,1,115,229,7,4
d,1,1,0,1,116,284,3,9
f,0,0,1,1,173,191,9,2
v,1,0,1,1,173,326,5,9
d,1,1,0,1,130,297,12,3
z,1,1,1,1,194,316,5,8
t,0,1,0,1,276,105,15,8
p,0,0,0,1,157,204,3,1
s,0,1,1,1,258,280,7,1
b,1,0,0,1,206,240,12,4
b,1,0,0,1,133,227,16,6
z,1,1,1,1,170,278,13,3
t,0,1,0,1,106,193,5,3
b,1,0,0,1,139,197,2,5
t,0,1,0,1,174,202,4,5
f,0,0,1,1,179,277,7,1
t,0,1,0,1,200,217,9,9
t,0,1,0,1,209,182,12,10
b,1,0,0,1,152,184,17,7
d,1,1,0,1,150,184,17,8
s,0,1,1,1,182,249,5,3
b,1,0,0,1,138,268,6,10
d,1,1,0,1,127,208,17,5
v,1,0,1,1,177,317,2,3
s,0,1,1,1,268,311,10,6
p,0,0,0,1,159,280,3,10
v,1,0,1,1,175,293,20,8
p,0,0,0,1,292,217,10,6
t,0,1,0,1,180,200,1,6
t,0,1,0,1,167,218,11,7
s,0,1,1,1,164,218,1,2
d,1,1,0,1,120,268,6,10
t,0,1,0,1,187,191,18,2
s,0,1,1,1,199,185,1,5
f,0,0,1,1,218,246,8,3
p,0,0,0,1,194,169,16,7
p,0,0,0,1,245,126,17,1
b,1,0,0,1,122,275,7,2
p,0,0,0,1,105,155,19,9
f,0,0,1,1,268,235,20,6
b,1,0,0,1,177,288,14,3
b,1,0,0,1,157,266,7,4
b,1,0,0,1,132,314,14,2
d,1,1,0,1,126,279,9,4
s,0,1,1,1,185,195,9,2
s,0,1,1,1,201,239,1,3
t,0,1,0,1,173,185,5,4
b,1,0,0,1,58,244,4,3
z,1,1,1,1,120,244,11,4
v,1,0,1,1,137,358,10,1
p,0,0,0,1,130,175,19,2
f,0,0,1,1,177,196,9,1
d,1,1,0,1,86,223,1,5
v,1,0,1,1,146,342,12,7
s,0,1,1,1,269,247,20,3
f,0,0,1,1,264,253,10,8
s,0,1,1,1,250,261,8,5
s,0,1,1,1,280,217,18,1
s,0,1,1,1,228,201,19,4
z,1,1,1,1,203,271,4,4
z,1,1,1,1,134,354,20,8
s,0,1,1,1,196,313,3,1
d,1,1,0,1,95,237,19,3
b,1,0,0,1,111,202,13,5
s,0,1,1,1,319,235,8,9
d,1,1,0,1,140,237,13,2
z,1,1,1,1,199,305,6,1
f,0,0,1,1,138,266,7,9
t,0,1,0,1,227,184,6,5
d,1,1,0,1,113,220,13,7
s,0,1,1,1,288,231,12,9
p,0,0,0,1,131,141,1,7
f,0,0,1,1,193,223,9,4
d,1,1,0,1,119,227,19,5
s,0,1,1,1,244,164,19,2
t,0,1,0,1,247,223,3,1
p,0,0,0,1,203,165,16,1
p,0,0,0,1,208,172,5,3
d,1,1,0,1,130,171,17,4
d,1,1,0,1,88,272,9,7
d,1,1,0,1,150,263,8,8
p,0,0,0,1,142,203,4,7
v,1,0,1,1,116,332,20,3
t,0,1,0,1,250,223,7,6
z,1,1,1,1,181,275,18,5
b,1,0,0,1,116,211,9,2
f,0,0,1,1,210,240,19,5
f,0,0,1,1,212,242,4,9
d,1,1,0,1,122,302,9,8
p,0,0,0,1,192,112,15,8
p,0,0,0,1,157,195,20,2
z,1,1,1,1,161,296,15,1
b,1,0,0,1,110,247,19,10
b,1,0,0,1,134,203,18,7
v,1,0,1,1,122,355,12,10
p,0,0,0,1,142,154,1,9
d,1,1,0,1,153,358,14,4
v,1,0,1,1,144,236,1,10
s,0,1,1,1,319,217,20,4
v,1,0,1,1,130,392,20,1
z,1,1,1,1,189,236,13,10
d,1,1,0,1,136,297,9,9
p,0,0,0,1,158,219,4,3
t,0,1,0,1,235,205,2,3
s,0,1,1,1,267,267,8,4
f,0,0,1,1,219,236,16,3
p,0,0,0,1,143,226,7,6
f,0,0,1,1,218,159,17,4
d,1,1,0,1,110,241,19,2
d,1,1,0,1,83,283,4,2
f,0,0,1,1,273,245,16,7
v,1,0,1,1,220,252,2,9
s,0,1,1,1,224,312,16,3
t,0,1,0,1,203,204,16,3
d,1,1,0,1,94,221,2,5
f,0,0,1,1,170,184,12,1
d,1,1,0,1,191,271,20,8
d,1,1,0,1,138,226,19,9
f,0,0,1,1,181,270,7,6
s,0,1,1,1,230,220,13,5
f,0,0,1,1,174,207,11,5
b,1,0,0,1,174,239,19,1
z,1,1,1,1,151,274,12,1
z,1,1,1,1,153,301,5,1
t,0,1,0,1,204,177,19,7
p,0,0,0,1,158,228,14,4
b,1,0,0,1,125,207,11,2
v,1,0,1,1,174,263,19,2
d,1,1,0,1,59,239,4,8
z,1,1,1,1,185,287,11,6
d,1,1,0,1,108,271,16,1
v,1,0,1,1,200,261,2,10
d,1,1,0,1,96,268,5,1
f,0,0,1,1,200,271,16,10
s,0,1,1,1,225,297,4,6
s,0,1,1,1,228,164,17,7
t,0,1,0,1,245,215,2,5
z,1,1,1,1,199,324,5,7
p,0,0,0,1,136,156,1,2
f,0,0,1,1,177,222,13,9
z,1,1,1,1,160,262,17,5
d,1,1,0,1,106,246,13,1
z,1,1,1,1,192,346,14,10
d,1,1,0,1,143,302,14,2
s,0,1,1,1,167,349,7,9
b,1,0,0,1,120,201,17,5
d,1,1,0,1,207,280,11,1
b,1,0,0,1,189,305,12,8
v,1,0,1,1,149,240,19,4
t,0,1,0,1,192,138,17,1
s,0,1,1,1,261,188,17,3
s,0,1,1,1,231,173,17,1
p,0,0,0,1,236,163,2,1
v,1,0,1,1,150,265,9,8
v,1,0,1,1,172,290,18,7
d,1,1,0,1,112,277,12,10
v,1,0,1,1,176,234,4,4
v,1,0,1,1,190,337,15,8
v,1,0,1,1,209,416,3,4
z,1,1,1,1,185,325,7,8
z,1,1,1,1,179,301,13,8
p,0,0,0,1,211,176,18,4
t,0,1,0,1,167,238,4,2
p,0,0,0,1,88,190,9,6
t,0,1,0,1,317,192,2,1
v,1,0,1,1,230,322,11,9
z,1,1,1,1,171,336,7,2
p,0,0,0,1,169,168,13,5
b,1,0,0,1,188,187,17,8
t,0,1,0,1,268,194,10,2
p,0,0,0,1,102,137,1,10
v,1,0,1,1,179,258,15,5
p,0,0,0,1,265,114,15,5
d,1,1,0,1,115,336,14,7
d,1,1,0,1,143,297,5,3
d,1,1,0,1,138,255,8,3
v,1,0,1,1,115,371,12,6
f,0,0,1,1,237,238,20,4
f,0,0,1,1,53,251,11,6
v,1,0,1,1,217,303,10,8
z,1,1,1,1,205,298,16,1
b,1,0,0,1,205,262,6,1
s,0,1,1,1,230,206,12,3
t,0,1,0,1,141,146,17,9
v,1,0,1,1,179,302,16,6
t,0,1,0,1,184,191,13,2
t,0,1,0,1,137,179,9,1
b,1,0,0,1,176,252,6,2
f,0,0,1,1,154,226,19,8
p,0,0,0,1,147,193,7,10
v,1,0,1,1,122,366,20,2
p,0,0,0,1,104,186,9,3
d,1,1,0,1,162,290,8,7
z,1,1,1,1,264,300,3,3
f,0,0,1,1,223,205,5,10
f,0,0,1,1,207,210,12,5
v,1,0,1,1,89,303,5,1
t,0,1,0,1,187,218,14,10
d,1,1,0,1,91,227,4,1
z,1,1,1,1,230,281,3,6
v,1,0,1,1,53,404,7,6
s,0,1,1,1,375,230,20,9
s,0,1,1,1,349,245,15,2
t,0,1,0,1,166,153,6,3
s,0,1,1,1,209,203,19,9
b,1,0,0,1,144,252,4,9
f,0,0,1,1,242,190,5,2
f,0,0,1,1,210,204,18,4
d,1,1,0,1,161,270,12,7
f,0,0,1,1,178,203,13,3
p,0,0,0,1,187,177,13,1
f,0,0,1,1,173,235,19,9
b,1,0,0,1,71,272,19,5
t,0,1,0,1,144,217,11,5
d,1,1,0,1,134,251,19,10
v,1,0,1,1,161,366,5,2
v,1,0,1,1,163,344,13,2
f,0,0,1,1,191,289,7,2
b,1,0,0,1,173,251,18,5
v,1,0,1,1,127,287,16,8
p,0,0,0,1,142,102,15,9
t,0,1,0,1,230,170,16,2
s,0,1,1,1,263,297,20,5
p,0,0,0,1,181,158,8,9
s,0,1,1,1,259,250,2,8
f,0,0,1,1,196,236,12,6
t,0,1,0,1,219,165,17,7
z,1,1,1,1,187,290,12,5
s,0,1,1,1,490,273,20,2
z,1,1,1,1,207,319,8,1
f,0,0,1,1,294,250,10,4
z,1,1,1,1,147,218,17,8
b,1,0,0,1,171,248,18,9
v,1,0,1,1,145,270,6,8
d,1,1,0,1,206,255,12,1
z,1,1,1,1,201,280,4,3
v,1,0,1,1,143,280,8,8
d,1,1,0,1,85,293,9,6
p,0,0,0,1,211,120,17,8
f,0,0,1,1,217,188,14,7
t,0,1,0,1,143,181,4,9
b,1,0,0,1,141,202,18,8
z,1,1,1,1,246,345,10,3
f,0,0,1,1,210,266,4,7
t,0,1,0,1,220,159,15,4
p,0,0,0,1,158,198,2,6
b,1,0,0,1,135,283,7,5
v,1,0,1,1,160,285,8,6
f,0,0,1,1,202,232,13,1
s,0,1,1,1,264,252,2,3
b,1,0,0,1,98,270,4,5
p,0,0,0,1,107,188,2,10
z,1,1,1,1,299,284,3,10
z,1,1,1,1,219,252,18,3
d,1,1,0,1,124,244,11,9
f,0,0,1,1,202,232,16,8
b,1,0,0,1,98,213,9,1
s,0,1,1,1,233,275,3,2
t,0,1,0,1,233,214,16,9
t,0,1,0,1,184,165,17,6
d,1,1,0,1,160,268,8,9
d,1,1,0,1,110,206,1,8
b,1,0,0,1,128,239,2,6
d,1,1,0,1,108,303,7,1
v,1,0,1,1,247,287,15,7
d,1,1,0,1,180,276,18,3
p,0,0,0,1,244,172,2,2
b,1,0,0,1,174,296,7,9
z,1,1,1,1,197,251,11,8
s,0,1,1,1,202,292,4,4
z,1,1,1,1,228,292,4,1
t,0,1,0,1,216,203,20,9
f,0,0,1,1,199,267,4,3
s,0,1,1,1,344,217,15,4
s,0,1,1,1,324,222,20,8
s,0,1,1,1,235,255,18,9
s,0,1,1,1,217,302,4,1
p,0,0,0,1,180,186,12,3
t,0,1,0,1,198,210,20,6
v,1,0,1,1,150,285,1,1
d,1,1,0,1,121,284,16,6
t,0,1,0,1,278,196,2,2
t,0,1,0,1,200,196,12,6
v,1,0,1,1,121,255,13,10
v,1,0,1,1,157,258,16,10
t,0,1,0,1,218,225,14,5
p,0,0,0,1,199,141,13,4
v,1,0,1,1,227,273,13,6
t,0,1,0,1,176,178,5,8
z,1,1,1,1,208,246,18,6
v,1,0,1,1,110,178,17,7
t,0,1,0,1,265,215,2,4
s,0,1,1,1,248,223,9,8
b,1,0,0,1,146,188,17,9
b,1,0,0,1,160,152,15,10
z,1,1,1,1,195,280,13,9
t,0,1,0,1,240,188,15,1
v,1,0,1,1,144,373,6,1
z,1,1,1,1,151,262,15,8
v,1,0,1,1,137,361,20,6
s,0,1,1,1,219,233,12,5
p,0,0,0,1,208,163,17,6
v,1,0,1,1,185,216,18,8
z,1,1,1,1,189,302,8,4
z,1,1,1,1,191,320,16,2
b,1,0,0,1,133,215,19,8
v,1,0,1,1,219,273,11,8
t,0,1,0,1,206,145,12,1
p,0,0,0,1,224,164,12,2
b,1,0,0,1,159,185,17,2
t,0,1,0,1,258,183,10,8
b,1,0,0,1,226,251,3,1
z,1,1,1,1,185,288,1,3
t,0,1,0,1,194,165,13,9
z,1,1,1,1,143,374,14,9
s,0,1,1,1,216,314,14,2
b,1,0,0,1,192,269,8,8
d,1,1,0,1,96,226,1,1
v,1,0,1,1,163,269,2,8
b,1,0,0,1,153,172,13,8
p,0,0,0,1,185,197,14,1
v,1,0,1,1,139,279,9,3
v,1,0,1,1,195,320,5,7
d,1,1,0,1,79,275,4,10
v,1,0,1,1,160,291,6,2
s,0,1,1,1,215,193,1,1
z,1,1,1,1,171,324,14,7
b,1,0,0,1,180,273,20,6
f,0,0,1,1,204,251,2,8
t,0,1,0,1,242,216,14,4
b,1,0,0,1,173,308,14,6
p,0,0,0,1,157,205,20,10
s,0,1,1,1,189,210,9,10
t,0,1,0,1,118,158,5,9
p,0,0,0,1,274,111,10,8
p,0,0,0,1,280,152,10,5
p,0,0,0,1,162,166,3,5
s,0,1,1,1,193,238,9,5
p,0,0,0,1,203,147,17,5
d,1,1,0,1,175,250,15,2
p,0,0,0,1,116,184,19,10
f,0,0,1,1,182,235,16,4
f,0,0,1,1,258,193,2,5
s,0,1,1,1,224,251,15,1
b,1,0,0,1,94,302,3,8
z,1,1,1,1,162,307,6,6
z,1,1,1,1,102,367,15,7
p,0,0,0,1,170,236,14,9
s,0,1,1,1,271,258,8,6
t,0,1,0,1,206,201,20,8
s,0,1,1,1,235,368,3,7
v,1,0,1,1,114,363,14,3
f,0,0,1,1,161,224,7,3
b,1,0,0,1,149,277,7,10
f,0,0,1,1,251,263,3,9
f,0,0,1,1,174,230,13,4
b,1,0,0,1,120,238,9,7
d,1,1,0,1,107,269,16,5
f,0,0,1,1,236,146,15,1
f,0,0,1,1,207,204,9,8
b,1,0,0,1,182,208,3,3
b,1,0,0,1,155,311,14,4
p,0,0,0,1,224,113,6,7
z,1,1,1,1,157,269,13,5
f,0,0,1,1,250,274,2,3
d,1,1,0,1,159,276,11,10
b,1,0,0,1,80,197,2,8
s,0,1,1,1,163,290,11,8
f,0,0,1,1,202,162,17,9
d,1,1,0,1,109,246,1,6
z,1,1,1,1,193,245,10,6
d,1,1,0,1,87,236,19,8
v,1,0,1,1,98,305,18,1
v,1,0,1,1,107,378,7,7
v,1,0,1,1,131,283,16,4
b,1,0,0,1,210,269,10,3
b,1,0,0,1,140,251,5,3
p,0,0,0,1,109,178,9,7
s,0,1,1,1,221,236,12,6
t,0,1,0,1,216,158,18,5
d,1,1,0,1,118,195,1,10
d,1,1,0,1,197,282,10,7
f,0,0,1,1,283,215,2,1
p,0,0,0,1,156,125,1,6
z,1,1,1,1,186,255,18,9
z,1,1,1,1,207,293,19,10
v,1,0,1,1,196,209,18,2
p,0,0,0,1,231,139,17,3
b,1,0,0,1,109,235,6,9
p,0,0,0,1,126,192,9,2
z,1,1,1,1,204,278,16,5
z,1,1,1,1,183,363,20,9
s,0,1,1,1,268,239,18,4
t,0,1,0,1,150,180,1,7
f,0,0,1,1,267,232,8,2
v,1,0,1,1,170,257,19,3
f,0,0,1,1,295,276,3,8
v,1,0,1,1,156,311,14,5
z,1,1,1,1,239,284,16,3
t,0,1,0,1,138,219,5,1
v,1,0,1,1,164,235,17,3
v,1,0,1,1,123,286,19,7
p,0,0,0,1,141,191,20,4
z,1,1,1,1,199,293,6,4
v,1,0,1,1,112,287,4,5
s,0,1,1,1,248,313,7,7
z,1,1,1,1,195,267,13,4
z,1,1,1,1,194,308,19,7
v,1,0,1,1,126,208,9,4
f,0,0,1,1,171,265,14,5
f,0,0,1,1,232,223,14,10
s,0,1,1,1,182,433,10,10
v,1,0,1,1,187,227,18,6
p,0,0,0,1,126,196,11,5
z,1,1,1,1,246,304,16,6
d,1,1,0,1,97,264,16,4
b,1,0,0,1,124,190,11,7
v,1,0,1,1,199,228,18,3
v,1,0,1,1,146,337,12,4
f,0,0,1,1,187,264,7,8
s,0,1,1,1,258,242,12,10
b,1,0,0,1,215,260,10,6
f,0,0,1,1,300,149,6,4
t,0,1,0,1,187,152,11,2
t,0,1,0,1,148,185,13,8
t,0,1,0,1,189,149,8,8
b,1,0,0,1,124,228,11,5
b,1,0,0,1,99,294,9,5
f,0,0,1,1,239,196,1,6
f,0,0,1,1,208,272,16,1
b,1,0,0,1,99,235,13,2
z,1,1,1,1,198,300,15,5
t,0,1,0,1,215,257,10,1
v,1,0,1,1,169,262,1,3
d,1,1,0,1,127,219,1,9
p,0,0,0,1,165,185,4,8
t,0,1,0,1,206,140,15,9
z,1,1,1,1,213,243,1,1
f,0,0,1,1,209,201,18,9
s,0,1,1,1,176,301,16,8
z,1,1,1,1,182,256,4,8
d,1,1,0,1,127,223,13,9
t,0,1,0,1,213,211,14,3
f,0,0,1,1,196,217,5,7
v,1,0,1,1,139,361,20,9
p,0,0,0,1,153,192,20,8
p,0,0,0,1,143,223,20,1
d,1,1,0,1,129,282,7,9
b,1,0,0,1,185,114,15,8
t,0,1,0,1,167,230,14,6
v,1,0,1,1,144,302,11,2
z,1,1,1,1,165,299,4,9
p,0,0,0,1,210,141,6,3
b,1,0,0,1,208,138,15,4
f,0,0,1,1,205,203,9,10
p,0,0,0,1,190,159,6,4
z,1,1,1,1,114,429,20,1
t,0,1,0,1,127,193,11,8
b,1,0,0,1,208,251,18,6
d,1,1,0,1,102,229,2,10
f,0,0,1,1,201,156,17,7
p,0,0,0,1,169,154,18,7
f,0,0,1,1,254,231,8,1
t,0,1,0,1,214,175,8,7
d,1,1,0,1,195,247,15,5
z,1,1,1,1,150,344,9,10
d,1,1,0,1,113,205,13,5
f,0,0,1,1,220,188,19,10
s,0,1,1,1,250,279,8,10
d,1,1,0,1,193,255,6,1
f,0,0,1,1,217,209,18,6
f,0,0,1,1,202,217,5,9
p,0,0,0,1,175,216,12,9
p,0,0,0,1,176,165,13,8
f,0,0,1,1,196,184,18,8
z,1,1,1,1,177,275,9,3
f,0,0,1,1,233,174,17,8
z,1,1,1,1,176,215,15,9
z,1,1,1,1,143,240,17,1
t,0,1,0,1,119,186,19,9
v,1,0,1,1,136,280,4,3
p,0,0,0,1,221,210,2,3
t,0,1,0,1,186,192,20,10
s,0,1,1,1,261,203,13,4
b,1,0,0,1,135,255,9,10
t,0,1,0,1,229,199,8,5
p,0,0,0,1,152,218,4,5
z,1,1,1,1,177,333,16,8
f,0,0,1,1,242,228,18,5
b,1,0,0,1,117,287,7,3
v,1,0,1,1,187,211,17,4
s,0,1,1,1,194,263,5,7
z,1,1,1,1,172,389,8,9
v,1,0,1,1,198,289,16,9
z,1,1,1,1,213,296,1,6
z,1,1,1,1,127,259,17,3
v,1,0,1,1,224,376,3,9
s,0,1,1,1,189,357,14,3
t,0,1,0,1,239,153,10,3
z,1,1,1,1,149,290,12,4
b,1,0,0,1,77,284,4,10
s,0,1,1,1,238,241,9,9
p,0,0,0,1,133,215,14,6
d,1,1,0,1,78,245,2,4
f,0,0,1,1,239,204,1,10
b,1,0,0,1,206,261,20,7
p,0,0,0,1,282,144,12,4
v,1,0,1,1,99,402,14,4
p,0,0,0,1,157,176,20,9
f,0,0,1,1,210,254,16,5
p,0,0,0,1,124,190,20,6
b,1,0,0,1,131,217,11,1
p,0,0,0,1,118,203,19,1
v,1,0,1,1,213,306,3,3
b,1,0,0,1,115,262,16,7
s,0,1,1,1,188,243,11,1
d,1,1,0,1,106,230,19,4
z,1,1,1,1,131,310,9,6
v,1,0,1,1,123,308,6,7
z,1,1,1,1,150,383,20,2
z,1,1,1,1,201,262,10,7
z,1,1,1,1,217,240,2,8
f,0,0,1,1,165,331,7,10
v,1,0,1,1,165,229,2,5
b,1,0,0,1,108,174,13,10
f,0,0,1,1,239,199,8,8
b,1,0,0,1,103,193,18,3
s,0,1,1,1,154,348,4,7
b,1,0,0,1,32,251,5,7
b,1,0,0,1,186,288,20,1
p,0,0,0,1,164,205,4,9
b,1,0,0,1,223,227,2,2
v,1,0,1,1,220,237,2,1
v,1,0,1,1,176,377,10,7
t,0,1,0,1,198,223,4,1
v,1,0,1,1,173,276,6,4
t,0,1,0,1,220,189,19,10
p,0,0,0,1,171,196,4,10
p,0,0,0,1,141,191,4,4
b,1,0,0,1,157,238,8,5
t,0,1,0,1,172,177,13,4
d,1,1,0,1,136,272,18,5
f,0,0,1,1,225,167,17,3
s,0,1,1,1,177,298,4,5
v,1,0,1,1,177,246,2,7
p,0,0,0,1,187,184,16,10
z,1,1,1,1,177,311,12,9
s,0,1,1,1,292,252,2,6
p,0,0,0,1,233,123,15,1
d,1,1,0,1,191,185,15,9
p,0,0,0,1,162,219,14,8
p,0,0,0,1,165,170,13,9
b,1,0,0,1,102,229,1,2
b,1,0,0,1,141,238,5,4
t,0,1,0,1,170,135,17,3
v,1,0,1,1,65,260,15,9
z,1,1,1,1,153,242,17,6
z,1,1,1,1,222,295,16,10
v,1,0,1,1,152,317,5,6
f,0,0,1,1,183,226,9,5
v,1,0,1,1,243,276,3,2
b,1,0,0,1,132,231,19,3
s,0,1,1,1,204,208,1,4
z,1,1,1,1,238,238,2,6
p,0,0,0,1,196,210,9,9
b,1,0,0,1,96,213,19,2
v,1,0,1,1,137,350,3,5
z,1,1,1,1,142,301,11,2
s,0,1,1,1,267,243,18,7
s,0,1,1,1,235,226,12,4
z,1,1,1,1,167,227,1,10
b,1,0,0,1,130,192,13,4
p,0,0,0,1,172,154,17,9
v,1,0,1,1,150,412,15,3
d,1,1,0,1,127,273,5,7
b,1,0,0,1,157,245,3,5
s,0,1,1,1,354,129,15,8
s,0,1,1,1,211,200,13,7
d,1,1,0,1,167,264,20,3
p,0,0,0,1,189,181,12,10
s,0,1,1,1,268,213,18,5
f,0,0,1,1,324,118,15,5
s,0,1,1,1,269,271,2,9
s,0,1,1,1,171,230,11,3
z,1,1,1,1,180,329,11,5
b,1,0,0,1,140,156,17,4
t,0,1,0,1,262,166,10,5
v,1,0,1,1,162,241,1,8
