consonant,voice,place,manner,prosody,noipow,voipow,subject,token
b,1,0,0,1,144.64,123.37,9,9
d,1,1,0,1,132.1,121.06,20,7
b,1,0,0,1,132.31,122.8,13,9
z,1,1,1,1,147.69,124.24,14,6
v,1,0,1,1,137.48,112.91,6,1
t,0,1,0,1,154.0,115.6,19,5
s,0,1,1,1,148.44,123.99,3,4
t,0,1,0,1,153.45,108.31,2,8
s,0,1,1,1,163.98,116.34,10,10
z,1,1,1,1,161.22,116.4,8,3
p,0,0,0,1,128.63,112.97,14,6
v,1,0,1,1,131.95,110.49,7,8
z,1,1,1,1,148.4,115.2,18,7
p,0,0,0,1,145.92,121.35,10,7
b,1,0,0,1,137.4,115.23,11,7
d,1,1,0,1,143.92,119.1,3,7
t,0,1,0,1,149.34,106.38,7,5
b,1,0,0,1,131.54,115.14,17,7
b,1,0,0,1,128.23,124.4,13,10
d,1,1,0,1,147.06,125.89,10,10
z,1,1,1,1,138.95,106.56,5,8
f,0,0,1,1,145.76,108.66,2,9
d,1,1,0,1,149.21,124.1,8,10
s,0,1,1,1,147.31,116.98,20,10
t,0,1,0,1,153.46,112.98,13,9
p,0,0,0,1,138.59,118.7,11,4
t,0,1,0,1,141.54,116.54,17,9
d,1,1,0,1,136.86,118.28,6,6
v,1,0,1,1,150.03,127.53,8,7
f,0,0,1,1,138.61,99.213,12,9
z,1,1,1,1,152.49,110.53,11,1
p,0,0,0,1,125.42,104.29,7,10
p,0,0,0,1,144.39,118.55,19,7
t,0,1,0,1,161.63,116.37,11,10
s,0,1,1,1,159.49,115.93,8,6
z,1,1,1,1,153.27,122.07,3,3
t,0,1,0,1,155.02,116.2,1,5
s,0,1,1,1,156.15,118.17,4,4
b,1,0,0,1,127.52,109.35,18,10
s,0,1,1,1,156.55,105.4,2,9
v,1,0,1,1,143.17,122.03,9,4
z,1,1,1,1,136.05,109.32,5,2
b,1,0,0,1,134.33,121.88,6,2
t,0,1,0,1,151.71,107.5,2,3
b,1,0,0,1,127.11,117.63,6,1
f,0,0,1,1,128.74,106.34,5,4
t,0,1,0,1,158.52,117.4,13,2
z,1,1,1,1,147.58,121.67,2,6
v,1,0,1,1,128.02,106.05,20,2
s,0,1,1,1,145.57,110.6,17,1
v,1,0,1,1,140.81,116.06,3,4
v,1,0,1,1,149.07,117.31,1,4
d,1,1,0,1,136.04,114.66,11,3
b,1,0,0,1,139.41,114.82,2,10
f,0,0,1,1,128.09,106.89,7,10
z,1,1,1,1,158.43,126.28,1,4
v,1,0,1,1,146.45,113.01,15,5
b,1,0,0,1,134.31,117.37,15,5
z,1,1,1,1,152.52,125.3,3,5
t,0,1,0,1,140.27,109.64,19,6
s,0,1,1,1,155.37,105.77,15,6
b,1,0,0,1,144.42,114.92,11,6
z,1,1,1,1,149.17,121.38,19,6
d,1,1,0,1,140.64,121.37,19,3
t,0,1,0,1,153.88,116.86,14,6
z,1,1,1,1,134.18,112.29,5,7
b,1,0,0,1,134.09,125.47,14,1
s,0,1,1,1,165.16,113.6,16,9
d,1,1,0,1,146.25,126.04,14,1
z,1,1,1,1,159.66,120.91,10,9
s,0,1,1,1,162.9,112.13,6,4
z,1,1,1,1,149.48,116.05,12,8
v,1,0,1,1,153.35,122.77,9,5
b,1,0,0,1,134.86,122.22,15,3
b,1,0,0,1,140.49,131.29,10,5
p,0,0,0,1,148.07,118.8,3,5
b,1,0,0,1,120.18,110.81,18,4
s,0,1,1,1,160.99,119.65,2,7
t,0,1,0,1,158.04,115.88,1,2
b,1,0,0,1,133.14,126.27,3,9
p,0,0,0,1,130.75,113.91,14,4
t,0,1,0,1,147.8,111.49,20,7
p,0,0,0,1,138.77,116.98,13,9
v,1,0,1,1,136.43,111.37,14,7
s,0,1,1,1,152.45,118.8,17,7
d,1,1,0,1,134.5,114.78,17,1
t,0,1,0,1,155.64,110.3,1,1
f,0,0,1,1,137.14,115.21,17,1
v,1,0,1,1,149.17,120.55,10,9
t,0,1,0,1,147.63,117.08,13,3
d,1,1,0,1,119.26,114.21,5,3
t,0,1,0,1,151.99,111.74,16,6
v,1,0,1,1,136.31,116.06,6,3
b,1,0,0,1,121.12,109.93,7,8
b,1,0,0,1,139.7,131.44,10,2
b,1,0,0,1,134.46,116.54,19,2
p,0,0,0,1,130.39,114.0,4,7
t,0,1,0,1,157.46,116.11,14,1
s,0,1,1,1,156.11,116.37,13,2
b,1,0,0,1,130.1,115.45,17,6
d,1,1,0,1,150.55,128.06,8,9
p,0,0,0,1,134.92,114.97,6,1
f,0,0,1,1,138.25,106.32,18,8
f,0,0,1,1,133.44,101.62,20,3
f,0,0,1,1,140.06,105.52,6,10
b,1,0,0,1,143.8,127.83,8,9
d,1,1,0,1,140.82,126.87,14,9
s,0,1,1,1,160.78,112.56,9,4
z,1,1,1,1,153.57,121.3,13,2
d,1,1,0,1,144.28,118.0,3,10
t,0,1,0,1,137.25,105.41,18,7
p,0,0,0,1,140.96,115.57,15,7
d,1,1,0,1,131.39,112.7,4,4
p,0,0,0,1,132.26,116.08,4,9
v,1,0,1,1,141.75,113.18,14,4
p,0,0,0,1,140.23,106.98,12,1
b,1,0,0,1,130.67,119.74,4,6
t,0,1,0,1,152.6,117.06,14,5
f,0,0,1,1,146.12,111.92,15,9
f,0,0,1,1,138.85,114.32,18,1
f,0,0,1,1,146.97,104.41,2,1
t,0,1,0,1,161.38,122.73,10,9
f,0,0,1,1,141.47,108.36,19,3
p,0,0,0,1,148.63,112.96,10,4
t,0,1,0,1,133.18,105.08,5,4
v,1,0,1,1,147.45,125.1,15,1
s,0,1,1,1,149.21,113.96,14,9
d,1,1,0,1,137.09,121.12,18,7
d,1,1,0,1,126.28,117.75,19,7
b,1,0,0,1,132.52,119.82,6,6
f,0,0,1,1,144.26,111.18,2,6
p,0,0,0,1,141.69,113.73,16,5
d,1,1,0,1,140.89,118.72,2,1
b,1,0,0,1,128.9,114.99,7,10
f,0,0,1,1,144.95,117.26,14,5
v,1,0,1,1,130.68,109.36,20,1
p,0,0,0,1,135.15,114.03,15,5
b,1,0,0,1,124.72,117.16,19,8
v,1,0,1,1,131.99,105.73,5,5
f,0,0,1,1,146.93,116.14,19,2
v,1,0,1,1,139.82,110.26,18,5
s,0,1,1,1,144.64,116.81,17,8
d,1,1,0,1,127.05,114.66,19,10
d,1,1,0,1,125.93,117.03,1,1
f,0,0,1,1,147.63,119.21,1,9
d,1,1,0,1,137.33,124.47,14,10
f,0,0,1,1,142.69,112.88,8,10
t,0,1,0,1,163.98,117.17,1,4
s,0,1,1,1,153.44,111.46,12,5
d,1,1,0,1,119.03,110.04,5,10
p,0,0,0,1,130.85,111.35,12,4
d,1,1,0,1,149.0,125.26,3,2
z,1,1,1,1,143.16,121.34,17,9
t,0,1,0,1,141.95,108.95,18,9
p,0,0,0,1,133.84,110.71,20,10
t,0,1,0,1,157.18,109.95,12,5
s,0,1,1,1,160.18,114.32,6,5
b,1,0,0,1,132.33,123.0,3,8
v,1,0,1,1,135.34,118.09,3,10
b,1,0,0,1,124.21,113.36,17,8
d,1,1,0,1,146.84,120.72,16,7
p,0,0,0,1,123.19,109.77,20,5
z,1,1,1,1,154.14,117.4,13,1
s,0,1,1,1,147.39,115.09,19,10
v,1,0,1,1,134.97,100.58,12,10
f,0,0,1,1,142.66,108.64,13,7
p,0,0,0,1,154.47,125.95,1,8
t,0,1,0,1,155.27,114.49,16,3
z,1,1,1,1,148.26,107.13,19,1
z,1,1,1,1,147.49,120.72,1,10
s,0,1,1,1,160.69,115.22,9,9
p,0,0,0,1,146.16,112.26,8,7
d,1,1,0,1,137.07,112.1,7,7
v,1,0,1,1,139.69,113.73,1,7
v,1,0,1,1,150.78,118.07,15,10
b,1,0,0,1,128.17,121.83,17,3
z,1,1,1,1,153.05,122.42,6,7
f,0,0,1,1,138.29,114.31,4,6
t,0,1,0,1,153.19,115.74,16,7
t,0,1,0,1,152.68,109.47,9,6
v,1,0,1,1,141.56,105.77,15,4
t,0,1,0,1,155.47,106.41,2,10
f,0,0,1,1,142.41,110.86,11,7
d,1,1,0,1,153.12,119.39,10,9
s,0,1,1,1,154.26,113.26,13,1
d,1,1,0,1,147.8,117.58,2,5
b,1,0,0,1,133.31,117.7,19,9
b,1,0,0,1,134.58,119.21,1,8
f,0,0,1,1,138.56,108.8,7,8
d,1,1,0,1,127.95,111.52,4,8
z,1,1,1,1,151.69,119.63,6,8
d,1,1,0,1,117.3,107.59,5,6
t,0,1,0,1,153.61,119.12,6,5
p,0,0,0,1,139.85,108.68,19,5
t,0,1,0,1,149.14,110.23,16,4
z,1,1,1,1,152.79,118.61,7,10
z,1,1,1,1,149.42,116.66,11,3
z,1,1,1,1,150.66,120.28,14,2
p,0,0,0,1,133.23,113.39,17,4
b,1,0,0,1,145.8,128.29,3,5
b,1,0,0,1,135.64,115.35,7,3
z,1,1,1,1,148.18,118.21,3,4
z,1,1,1,1,153.03,118.58,12,5
f,0,0,1,1,154.57,117.6,9,6
p,0,0,0,1,136.89,110.67,18,1
b,1,0,0,1,122.04,110.61,19,5
p,0,0,0,1,139.24,114.56,3,6
d,1,1,0,1,137.94,117.01,19,4
f,0,0,1,1,131.5,105.72,13,9
s,0,1,1,1,153.51,111.83,4,6
f,0,0,1,1,143.11,109.52,11,4
s,0,1,1,1,159.82,116.71,8,4
b,1,0,0,1,131.97,123.7,6,5
v,1,0,1,1,142.88,115.36,2,2
f,0,0,1,1,137.3,112.09,19,1
d,1,1,0,1,135.42,118.23,17,2
f,0,0,1,1,138.83,117.7,13,3
z,1,1,1,1,165.12,126.42,13,10
d,1,1,0,1,146.76,119.33,15,1
t,0,1,0,1,142.07,107.22,18,3
d,1,1,0,1,140.81,110.97,11,6
b,1,0,0,1,141.63,118.08,9,5
z,1,1,1,1,157.26,115.76,2,2
z,1,1,1,1,155.23,119.8,8,10
z,1,1,1,1,147.7,117.48,7,5
f,0,0,1,1,161.09,116.11,9,1
z,1,1,1,1,154.36,108.31,15,7
d,1,1,0,1,143.56,118.87,13,8
t,0,1,0,1,152.09,109.49,16,5
z,1,1,1,1,158.06,117.51,11,9
s,0,1,1,1,161.85,116.05,9,7
b,1,0,0,1,139.0,128.89,3,2
s,0,1,1,1,160.26,117.87,10,4
b,1,0,0,1,128.28,114.92,6,4
f,0,0,1,1,144.07,110.96,18,5
p,0,0,0,1,128.81,101.53,7,9
b,1,0,0,1,137.98,128.36,13,8
d,1,1,0,1,131.06,113.19,7,9
v,1,0,1,1,131.85,103.65,11,4
f,0,0,1,1,141.21,114.55,3,8
f,0,0,1,1,138.54,107.81,7,4
z,1,1,1,1,156.1,120.27,1,1
f,0,0,1,1,150.14,113.99,10,9
t,0,1,0,1,158.04,109.53,11,3
f,0,0,1,1,142.8,111.24,1,1
f,0,0,1,1,155.95,114.93,9,4
s,0,1,1,1,138.27,110.99,5,3
b,1,0,0,1,136.32,115.69,3,6
t,0,1,0,1,154.08,115.87,16,1
v,1,0,1,1,151.44,118.89,8,6
s,0,1,1,1,165.01,114.87,9,10
s,0,1,1,1,162.86,116.2,11,2
v,1,0,1,1,138.47,116.65,4,10
b,1,0,0,1,145.0,124.17,10,6
f,0,0,1,1,139.77,107.47,19,5
v,1,0,1,1,150.42,122.79,10,10
d,1,1,0,1,153.14,123.02,4,7
b,1,0,0,1,152.48,129.78,8,4
d,1,1,0,1,120.64,113.02,5,5
s,0,1,1,1,156.47,117.61,4,5
z,1,1,1,1,163.48,115.34,16,10
p,0,0,0,1,146.69,116.77,3,7
d,1,1,0,1,145.74,126.12,3,3
t,0,1,0,1,137.35,106.01,18,6
b,1,0,0,1,135.33,122.26,15,10
d,1,1,0,1,141.17,117.62,17,6
d,1,1,0,1,149.84,121.72,2,7
f,0,0,1,1,141.86,115.34,3,9
p,0,0,0,1,151.26,120.78,3,4
b,1,0,0,1,124.0,118.86,11,3
t,0,1,0,1,149.9,106.61,7,2
v,1,0,1,1,132.62,108.04,7,7
b,1,0,0,1,133.95,119.05,12,8
p,0,0,0,1,127.09,107.93,5,9
z,1,1,1,1,154.28,115.96,12,2
d,1,1,0,1,146.49,130.25,8,7
p,0,0,0,1,144.43,116.23,9,2
s,0,1,1,1,136.54,107.87,5,5
s,0,1,1,1,153.97,115.06,7,4
b,1,0,0,1,121.09,116.21,7,1
v,1,0,1,1,144.84,117.1,13,4
v,1,0,1,1,137.06,115.58,12,8
s,0,1,1,1,151.53,113.02,4,7
b,1,0,0,1,133.18,128.32,3,3
d,1,1,0,1,139.86,113.61,9,6
t,0,1,0,1,149.78,115.32,4,3
p,0,0,0,1,125.1,106.18,20,4
s,0,1,1,1,148.91,108.39,20,5
p,0,0,0,1,126.86,110.84,20,2
f,0,0,1,1,144.3,108.16,12,10
f,0,0,1,1,143.25,112.01,13,1
p,0,0,0,1,137.23,110.27,6,6
f,0,0,1,1,135.48,109.34,13,6
b,1,0,0,1,135.18,118.6,1,2
b,1,0,0,1,131.74,116.51,19,10
p,0,0,0,1,123.29,105.75,5,1
p,0,0,0,1,138.96,117.06,19,10
f,0,0,1,1,128.46,110.52,5,9
p,0,0,0,1,144.45,120.2,9,8
s,0,1,1,1,153.09,104.58,11,4
t,0,1,0,1,145.63,118.32,4,9
s,0,1,1,1,157.08,112.84,1,4
z,1,1,1,1,147.88,118.2,18,5
t,0,1,0,1,139.41,110.58,18,4
b,1,0,0,1,133.04,111.88,2,2
z,1,1,1,1,156.36,122.09,9,8
t,0,1,0,1,160.72,117.73,8,10
s,0,1,1,1,145.3,112.06,13,5
b,1,0,0,1,138.26,120.12,15,7
p,0,0,0,1,136.32,114.82,19,3
z,1,1,1,1,155.45,112.42,11,8
d,1,1,0,1,139.23,114.82,2,2
v,1,0,1,1,125.89,110.32,17,1
b,1,0,0,1,125.41,119.26,11,2
d,1,1,0,1,132.95,117.3,17,4
v,1,0,1,1,145.53,107.18,2,3
f,0,0,1,1,149.91,112.64,1,7
v,1,0,1,1,138.62,108.46,15,3
t,0,1,0,1,159.57,117.1,14,3
s,0,1,1,1,161.47,115.36,16,5
f,0,0,1,1,140.08,108.93,18,9
b,1,0,0,1,142.55,122.3,13,5
d,1,1,0,1,136.25,116.86,15,10
d,1,1,0,1,148.07,115.55,16,8
b,1,0,0,1,148.95,134.49,8,8
t,0,1,0,1,138.95,103.69,18,10
s,0,1,1,1,152.81,107.35,19,1
v,1,0,1,1,138.4,116.62,15,7
z,1,1,1,1,145.86,120.38,19,2
v,1,0,1,1,137.39,113.39,4,7
d,1,1,0,1,145.63,116.83,16,3
f,0,0,1,1,141.1,113.35,17,4
b,1,0,0,1,136.3,124.16,12,1
s,0,1,1,1,159.62,119.82,6,1
f,0,0,1,1,131.3,109.38,20,8
d,1,1,0,1,151.61,121.56,10,7
t,0,1,0,1,157.01,110.08,11,1
t,0,1,0,1,150.35,105.93,1,3
s,0,1,1,1,148.97,114.85,3,10
t,0,1,0,1,155.15,109.32,15,10
t,0,1,0,1,152.76,115.28,14,10
s,0,1,1,1,158.17,112.45,6,3
t,0,1,0,1,152.16,105.01,2,5
f,0,0,1,1,140.52,108.44,12,3
v,1,0,1,1,134.62,114.63,15,9
b,1,0,0,1,123.16,104.75,5,8
p,0,0,0,1,137.13,122.61,14,2
d,1,1,0,1,147.31,129.66,9,9
p,0,0,0,1,130.04,111.66,20,6
s,0,1,1,1,145.86,110.89,20,1
v,1,0,1,1,137.31,115.95,18,7
v,1,0,1,1,139.95,122.39,15,2
s,0,1,1,1,161.62,117.09,2,5
s,0,1,1,1,153.76,115.98,4,3
f,0,0,1,1,139.43,114.43,3,4
t,0,1,0,1,151.32,107.45,6,6
b,1,0,0,1,134.01,114.83,16,3
t,0,1,0,1,131.91,107.18,17,7
v,1,0,1,1,138.59,111.31,13,6
z,1,1,1,1,150.06,120.96,1,9
f,0,0,1,1,139.18,108.34,16,4
p,0,0,0,1,125.5,109.06,18,6
t,0,1,0,1,128.69,104.36,5,6
d,1,1,0,1,133.94,113.74,7,8
t,0,1,0,1,144.31,107.73,6,2
z,1,1,1,1,150.05,121.85,14,1
b,1,0,0,1,137.69,126.85,10,7
d,1,1,0,1,147.25,114.94,9,8
d,1,1,0,1,136.87,122.68,20,2
s,0,1,1,1,144.82,103.03,18,3
z,1,1,1,1,157.04,121.39,4,1
t,0,1,0,1,157.41,118.48,3,4
v,1,0,1,1,136.94,118.75,16,10
s,0,1,1,1,158.12,111.7,11,8
f,0,0,1,1,153.1,110.22,7,6
b,1,0,0,1,134.01,116.16,1,10
s,0,1,1,1,160.76,111.3,16,4
t,0,1,0,1,144.46,117.04,17,5
z,1,1,1,1,138.31,107.93,5,3
f,0,0,1,1,121.71,104.61,5,8
z,1,1,1,1,159.83,123.76,15,2
s,0,1,1,1,158.3,119.89,4,2
d,1,1,0,1,137.67,119.53,12,7
f,0,0,1,1,152.85,118.24,10,1
f,0,0,1,1,139.89,108.54,18,4
v,1,0,1,1,137.27,117.84,17,5
p,0,0,0,1,141.66,131.33,19,9
z,1,1,1,1,152.32,118.03,7,4
z,1,1,1,1,158.8,119.19,9,1
f,0,0,1,1,144.59,111.99,11,9
f,0,0,1,1,146.44,113.81,10,4
b,1,0,0,1,133.56,117.21,10,10
b,1,0,0,1,130.73,116.73,4,7
f,0,0,1,1,145.69,110.51,6,9
s,0,1,1,1,136.07,105.7,5,6
b,1,0,0,1,135.91,124.31,3,1
v,1,0,1,1,134.22,112.01,18,8
b,1,0,0,1,124.41,120.89,20,1
s,0,1,1,1,162.91,121.69,10,7
f,0,0,1,1,151.78,107.57,15,10
t,0,1,0,1,141.94,106.97,19,7
f,0,0,1,1,138.05,110.68,3,7
z,1,1,1,1,155.24,120.86,12,6
b,1,0,0,1,135.18,120.15,6,3
s,0,1,1,1,152.28,108.46,12,3
p,0,0,0,1,132.9,108.16,16,10
p,0,0,0,1,151.0,113.14,11,9
f,0,0,1,1,128.56,105.13,5,6
z,1,1,1,1,153.06,122.23,8,9
z,1,1,1,1,165.07,122.94,10,6
s,0,1,1,1,149.96,116.28,20,9
b,1,0,0,1,140.39,125.07,8,1
z,1,1,1,1,138.02,116.22,17,7
v,1,0,1,1,135.48,113.09,16,4
t,0,1,0,1,147.54,108.5,12,7
b,1,0,0,1,141.82,124.78,13,3
f,0,0,1,1,139.27,103.09,2,7
f,0,0,1,1,147.97,117.47,14,1
t,0,1,0,1,140.09,107.84,20,4
d,1,1,0,1,136.0,116.85,17,10
f,0,0,1,1,134.17,110.11,5,10
d,1,1,0,1,142.78,116.82,15,7
s,0,1,1,1,163.31,123.35,10,6
v,1,0,1,1,140.24,112.22,13,1
z,1,1,1,1,151.38,113.65,12,7
d,1,1,0,1,142.12,122.33,12,5
d,1,1,0,1,154.28,127.14,10,1
z,1,1,1,1,153.8,124.17,3,6
f,0,0,1,1,144.43,117.07,13,2
f,0,0,1,1,142.37,111.72,11,6
v,1,0,1,1,137.99,118.38,18,9
f,0,0,1,1,136.92,116.77,3,10
b,1,0,0,1,129.92,120.47,12,10
t,0,1,0,1,160.15,108.56,15,4
v,1,0,1,1,153.81,121.63,10,3
z,1,1,1,1,152.62,121.31,6,2
b,1,0,0,1,136.07,124.46,12,3
v,1,0,1,1,132.68,113.24,17,10
v,1,0,1,1,137.95,105.02,19,7
z,1,1,1,1,150.07,124.41,14,3
f,0,0,1,1,131.12,107.54,5,3
p,0,0,0,1,142.78,117.16,4,10
d,1,1,0,1,132.24,108.84,5,8
p,0,0,0,1,132.69,107.05,15,8
p,0,0,0,1,145.05,119.11,8,1
f,0,0,1,1,134.5,111.33,7,2
p,0,0,0,1,144.95,122.5,10,9
t,0,1,0,1,157.34,110.86,2,9
z,1,1,1,1,162.8,124.15,13,7
z,1,1,1,1,144.19,117.45,11,2
p,0,0,0,1,148.65,117.2,8,5
z,1,1,1,1,157.66,123.9,9,4
d,1,1,0,1,140.43,117.27,3,9
z,1,1,1,1,151.35,118.71,1,2
f,0,0,1,1,137.36,111.76,17,10
t,0,1,0,1,145.9,110.89,19,2
d,1,1,0,1,138.73,119.16,12,1
d,1,1,0,1,138.94,120.22,19,1
v,1,0,1,1,152.81,118.98,10,5
d,1,1,0,1,146.02,122.44,1,6
s,0,1,1,1,144.85,110.43,11,10
f,0,0,1,1,135.12,109.86,4,10
f,0,0,1,1,144.23,106.32,8,3
z,1,1,1,1,148.57,120.44,3,2
f,0,0,1,1,147.62,114.7,19,6
v,1,0,1,1,127.88,107.4,5,4
z,1,1,1,1,142.76,113.41,11,6
d,1,1,0,1,147.51,125.44,13,1
b,1,0,0,1,134.38,113.98,2,8
f,0,0,1,1,143.7,114.27,14,4
t,0,1,0,1,160.38,114.97,11,2
s,0,1,1,1,163.05,110.71,15,2
b,1,0,0,1,151.02,130.65,8,2
z,1,1,1,1,166.44,122.46,8,2
v,1,0,1,1,147.83,124.4,8,5
t,0,1,0,1,148.4,102.91,7,7
z,1,1,1,1,150.75,117.61,6,10
s,0,1,1,1,157.57,105.63,2,2
f,0,0,1,1,141.28,107.05,12,2
z,1,1,1,1,154.66,116.92,2,5
f,0,0,1,1,143.14,107.96,11,5
v,1,0,1,1,138.53,111.41,19,8
t,0,1,0,1,140.17,112.09,5,2
t,0,1,0,1,141.03,105.79,18,8
b,1,0,0,1,143.85,120.54,9,6
f,0,0,1,1,142.11,109.27,2,10
t,0,1,0,1,138.86,111.74,17,10
v,1,0,1,1,145.08,123.27,14,2
b,1,0,0,1,148.92,126.2,10,1
z,1,1,1,1,151.69,117.71,4,8
z,1,1,1,1,154.77,121.57,13,5
t,0,1,0,1,154.61,113.92,9,7
t,0,1,0,1,159.41,108.63,11,5
v,1,0,1,1,139.54,123.07,10,8
b,1,0,0,1,136.63,118.38,9,8
p,0,0,0,1,131.75,114.15,14,8
z,1,1,1,1,165.52,125.99,8,7
f,0,0,1,1,143.2,114.73,14,7
p,0,0,0,1,136.02,110.79,7,3
v,1,0,1,1,142.71,112.53,13,10
d,1,1,0,1,129.26,116.31,20,3
t,0,1,0,1,162.74,120.21,10,1
v,1,0,1,1,133.56,111.53,19,9
p,0,0,0,1,135.68,110.4,11,3
t,0,1,0,1,153.85,112.08,19,3
v,1,0,1,1,134.1,112.47,4,6
v,1,0,1,1,127.41,109.85,7,9
p,0,0,0,1,145.32,113.6,9,1
s,0,1,1,1,153.95,107.5,12,6
t,0,1,0,1,150.42,112.39,8,7
t,0,1,0,1,151.59,109.8,16,10
b,1,0,0,1,130.39,124.62,10,3
z,1,1,1,1,159.23,120.46,10,8
s,0,1,1,1,144.47,111.14,19,6
p,0,0,0,1,149.27,117.57,1,7
b,1,0,0,1,133.75,118.51,16,8
s,0,1,1,1,152.06,111.02,13,4
z,1,1,1,1,158.74,120.78,10,5
z,1,1,1,1,160.67,118.0,16,8
s,0,1,1,1,158.36,115.2,16,2
p,0,0,0,1,131.52,103.51,2,4
p,0,0,0,1,137.33,112.09,9,7
s,0,1,1,1,142.61,106.0,18,10
z,1,1,1,1,166.29,115.01,8,5
d,1,1,0,1,143.99,122.65,15,9
v,1,0,1,1,139.13,112.27,13,8
b,1,0,0,1,137.37,118.75,4,8
f,0,0,1,1,140.15,116.89,4,7
z,1,1,1,1,142.97,119.88,20,10
b,1,0,0,1,143.29,123.86,13,2
f,0,0,1,1,147.49,111.89,16,7
b,1,0,0,1,132.0,117.24,20,7
p,0,0,0,1,137.43,114.97,9,6
v,1,0,1,1,135.92,103.8,19,6
b,1,0,0,1,123.04,119.59,20,9
s,0,1,1,1,148.69,120.14,3,3
s,0,1,1,1,162.97,118.75,4,1
d,1,1,0,1,138.71,122.06,6,8
v,1,0,1,1,136.81,112.74,18,10
d,1,1,0,1,147.17,112.89,16,9
v,1,0,1,1,139.21,112.09,11,6
f,0,0,1,1,142.74,115.47,17,2
v,1,0,1,1,144.41,116.48,3,3
v,1,0,1,1,149.35,116.82,10,7
s,0,1,1,1,156.31,110.96,1,7
z,1,1,1,1,156.01,117.38,13,9
t,0,1,0,1,142.02,111.65,20,6
f,0,0,1,1,141.56,118.15,4,2
z,1,1,1,1,153.94,116.72,2,3
f,0,0,1,1,148.26,111.16,10,3
p,0,0,0,1,136.77,111.69,15,10
v,1,0,1,1,141.88,114.63,1,6
f,0,0,1,1,123.75,104.68,5,2
z,1,1,1,1,136.54,111.56,17,6
z,1,1,1,1,145.39,106.26,19,10
s,0,1,1,1,150.34,112.2,19,2
z,1,1,1,1,159.27,117.68,12,4
p,0,0,0,1,121.21,105.82,5,4
b,1,0,0,1,134.63,116.76,19,6
t,0,1,0,1,157.94,114.57,2,6
s,0,1,1,1,158.84,115.69,1,9
d,1,1,0,1,142.8,120.18,11,8
d,1,1,0,1,147.31,122.19,13,2
v,1,0,1,1,132.15,117.08,11,3
p,0,0,0,1,128.15,105.76,12,7
s,0,1,1,1,151.06,109.24,20,2
t,0,1,0,1,146.23,105.82,6,4
z,1,1,1,1,156.05,115.89,11,10
b,1,0,0,1,126.79,108.98,15,8
f,0,0,1,1,144.16,104.34,16,3
t,0,1,0,1,148.5,109.06,12,8
v,1,0,1,1,125.32,101.26,7,6
v,1,0,1,1,147.7,122.88,8,10
v,1,0,1,1,136.83,118.47,2,9
t,0,1,0,1,148.41,116.82,3,8
b,1,0,0,1,129.23,110.54,5,6
f,0,0,1,1,144.45,108.65,19,4
b,1,0,0,1,141.98,123.73,3,10
b,1,0,0,1,130.68,120.29,4,3
t,0,1,0,1,131.16,110.65,5,5
v,1,0,1,1,129.13,112.46,17,4
b,1,0,0,1,137.39,126.51,14,4
f,0,0,1,1,138.27,106.79,2,3
t,0,1,0,1,149.28,111.14,6,10
p,0,0,0,1,140.85,109.06,6,3
s,0,1,1,1,159.65,115.91,1,10
f,0,0,1,1,144.99,107.99,6,5
t,0,1,0,1,150.45,113.86,14,8
d,1,1,0,1,146.72,123.39,14,7
t,0,1,0,1,158.05,111.08,16,9
v,1,0,1,1,135.41,112.43,7,2
b,1,0,0,1,139.36,120.31,1,6
t,0,1,0,1,154.06,108.69,6,7
p,0,0,0,1,136.74,114.3,14,9
s,0,1,1,1,162.08,115.39,6,6
s,0,1,1,1,157.8,115.97,2,10
s,0,1,1,1,158.65,108.96,1,3
v,1,0,1,1,137.7,116.42,15,8
t,0,1,0,1,150.84,120.82,4,6
v,1,0,1,1,129.73,118.68,6,5
v,1,0,1,1,142.12,114.01,12,1
p,0,0,0,1,136.17,108.74,6,8
v,1,0,1,1,149.69,117.86,9,10
t,0,1,0,1,152.84,111.74,6,9
b,1,0,0,1,131.56,112.83,16,10
z,1,1,1,1,159.19,116.25,6,3
p,0,0,0,1,143.04,117.75,13,8
p,0,0,0,1,125.43,109.9,17,3
f,0,0,1,1,142.17,109.93,6,8
f,0,0,1,1,152.06,110.43,15,5
b,1,0,0,1,148.42,120.33,11,5
z,1,1,1,1,136.04,111.32,5,5
t,0,1,0,1,134.75,107.72,5,1
d,1,1,0,1,131.07,120.96,20,8
v,1,0,1,1,153.98,119.53,9,3
d,1,1,0,1,142.06,119.63,1,2
d,1,1,0,1,150.11,126.99,8,6
p,0,0,0,1,136.51,107.04,2,1
s,0,1,1,1,166.12,112.59,16,10
s,0,1,1,1,147.43,113.54,3,7
f,0,0,1,1,142.44,116.93,6,2
z,1,1,1,1,153.29,121.57,12,1
f,0,0,1,1,159.06,115.21,9,9
b,1,0,0,1,136.51,123.55,10,9
t,0,1,0,1,137.24,113.24,20,3
z,1,1,1,1,160.62,113.05,10,3
p,0,0,0,1,152.26,116.34,8,3
t,0,1,0,1,156.91,117.86,12,2
z,1,1,1,1,146.64,112.52,19,8
s,0,1,1,1,162.57,121.87,10,3
v,1,0,1,1,138.45,120.47,14,9
p,0,0,0,1,139.48,112.15,9,3
d,1,1,0,1,129.25,113.02,7,6
b,1,0,0,1,132.97,113.01,16,4
t,0,1,0,1,153.86,113.98,12,9
t,0,1,0,1,150.88,110.17,12,3
b,1,0,0,1,127.94,111.47,7,7
d,1,1,0,1,145.72,114.19,16,6
d,1,1,0,1,151.88,117.69,2,4
b,1,0,0,1,145.71,118.12,2,4
s,0,1,1,1,156.54,115.92,1,6
f,0,0,1,1,146.9,116.08,14,10
b,1,0,0,1,138.3,120.18,11,1
t,0,1,0,1,150.52,103.64,7,4
b,1,0,0,1,142.09,117.84,1,1
p,0,0,0,1,144.43,115.7,1,5
d,1,1,0,1,132.99,117.15,18,8
z,1,1,1,1,164.61,121.05,8,6
s,0,1,1,1,147.37,115.62,14,7
f,0,0,1,1,138.66,104.12,18,7
p,0,0,0,1,135.8,117.05,4,8
v,1,0,1,1,142.68,116.73,4,5
t,0,1,0,1,151.22,105.01,2,4
b,1,0,0,1,142.89,130.24,14,8
f,0,0,1,1,142.65,105.72,2,2
v,1,0,1,1,146.51,120.28,3,5
t,0,1,0,1,141.64,110.68,19,9
b,1,0,0,1,132.42,119.81,13,7
z,1,1,1,1,133.31,108.03,5,1
p,0,0,0,1,132.72,107.25,12,3
b,1,0,0,1,124.86,119.07,6,10
s,0,1,1,1,138.23,108.99,5,9
p,0,0,0,1,124.55,111.45,17,8
b,1,0,0,1,139.95,128.47,14,3
v,1,0,1,1,133.31,107.96,7,1
f,0,0,1,1,148.66,110.07,15,4
t,0,1,0,1,150.27,118.32,3,5
f,0,0,1,1,142.42,114.67,6,6
v,1,0,1,1,129.59,110.84,11,10
p,0,0,0,1,124.59,111.92,11,6
b,1,0,0,1,134.51,116.85,15,4
p,0,0,0,1,128.23,108.34,18,4
d,1,1,0,1,140.27,114.12,3,1
f,0,0,1,1,144.42,118.58,4,3
f,0,0,1,1,143.64,100.02,20,10
s,0,1,1,1,152.72,110.85,10,5
v,1,0,1,1,137.42,102.01,12,3
p,0,0,0,1,137.84,115.15,15,3
s,0,1,1,1,151.93,122.5,3,2
v,1,0,1,1,140.3,113.11,6,9
t,0,1,0,1,139.55,105.88,18,5
f,0,0,1,1,133.05,114.82,4,1
v,1,0,1,1,143.25,115.35,1,10
v,1,0,1,1,139.75,109.99,12,6
f,0,0,1,1,134.04,108.84,7,7
d,1,1,0,1,131.29,113.63,16,2
t,0,1,0,1,163.62,110.43,10,6
f,0,0,1,1,151.15,121.13,8,6
z,1,1,1,1,154.16,116.38,2,7
d,1,1,0,1,129.69,109.76,16,5
v,1,0,1,1,130.93,117.12,4,2
t,0,1,0,1,152.7,110.03,13,8
v,1,0,1,1,140.14,119.82,11,5
z,1,1,1,1,153.71,117.5,1,6
f,0,0,1,1,131.26,102.81,5,1
d,1,1,0,1,150.7,121.39,13,6
v,1,0,1,1,139.07,104.94,12,4
d,1,1,0,1,154.67,122.6,10,2
d,1,1,0,1,147.72,116.49,3,6
d,1,1,0,1,132.39,114.41,18,2
d,1,1,0,1,143.66,118.03,17,9
t,0,1,0,1,159.45,119.47,8,1
s,0,1,1,1,147.65,109.71,17,9
s,0,1,1,1,155.1,112.68,13,9
v,1,0,1,1,143.61,117.55,13,2
s,0,1,1,1,139.24,106.27,5,2
f,0,0,1,1,135.98,111.41,4,5
d,1,1,0,1,145.53,122.69,15,3
s,0,1,1,1,159.16,105.72,15,9
t,0,1,0,1,129.43,110.56,5,10
z,1,1,1,1,151.54,120.01,19,5
f,0,0,1,1,151.36,114.55,10,8
p,0,0,0,1,130.67,109.05,19,1
z,1,1,1,1,158.36,118.69,9,10
d,1,1,0,1,135.24,125.76,20,5
s,0,1,1,1,155.98,115.07,8,10
f,0,0,1,1,140.91,109.43,1,2
b,1,0,0,1,139.62,118.75,18,3
t,0,1,0,1,154.84,108.2,12,6
b,1,0,0,1,129.09,119.58,20,8
v,1,0,1,1,133.1,108.76,20,7
p,0,0,0,1,135.05,113.09,18,9
v,1,0,1,1,138.66,114.29,14,6
f,0,0,1,1,138.85,111.87,11,3
b,1,0,0,1,132.83,113.31,4,9
p,0,0,0,1,148.48,118.65,8,9
t,0,1,0,1,145.64,109.48,7,3
b,1,0,0,1,132.48,118.89,17,1
f,0,0,1,1,149.73,117.01,3,1
v,1,0,1,1,140.77,120.59,3,7
b,1,0,0,1,142.26,116.93,11,8
f,0,0,1,1,147.31,108.2,15,3
d,1,1,0,1,131.36,108.53,5,9
s,0,1,1,1,152.8,121.66,3,6
b,1,0,0,1,148.68,124.05,15,1
t,0,1,0,1,157.15,118.24,1,6
d,1,1,0,1,153.84,120.87,4,2
t,0,1,0,1,157.02,114.46,1,10
v,1,0,1,1,140.13,115.61,4,1
f,0,0,1,1,136.01,112.88,20,6
v,1,0,1,1,152.56,128.84,8,8
s,0,1,1,1,146.58,111.92,18,1
p,0,0,0,1,142.12,114.77,13,5
d,1,1,0,1,139.31,120.83,20,1
v,1,0,1,1,147.89,115.11,9,7
t,0,1,0,1,153.27,112.04,13,7
t,0,1,0,1,157.37,119.59,8,6
z,1,1,1,1,157.9,122.56,15,9
s,0,1,1,1,155.56,107.53,12,2
d,1,1,0,1,134.23,115.78,7,1
v,1,0,1,1,136.9,115.99,16,6
t,0,1,0,1,147.14,109.66,13,10
p,0,0,0,1,139.2,121.06,10,5
t,0,1,0,1,141.53,110.4,20,5
d,1,1,0,1,139.73,113.46,9,3
t,0,1,0,1,154.81,119.27,1,7
z,1,1,1,1,157.28,123.17,10,10
s,0,1,1,1,148.0,113.81,17,6
t,0,1,0,1,154.95,119.06,8,9
z,1,1,1,1,147.66,126.94,14,4
d,1,1,0,1,147.64,119.99,13,3
t,0,1,0,1,151.7,109.77,9,10
s,0,1,1,1,152.99,111.46,13,10
s,0,1,1,1,156.83,111.47,12,8
s,0,1,1,1,146.95,116.54,20,8
z,1,1,1,1,157.87,107.63,2,4
d,1,1,0,1,145.01,115.1,15,5
z,1,1,1,1,150.74,116.46,7,2
d,1,1,0,1,146.92,121.45,6,5
d,1,1,0,1,133.99,113.73,18,3
f,0,0,1,1,136.13,108.17,16,6
b,1,0,0,1,131.92,122.74,20,5
s,0,1,1,1,151.97,114.33,19,5
b,1,0,0,1,138.88,118.41,10,8
f,0,0,1,1,136.16,107.42,13,10
s,0,1,1,1,147.83,117.63,14,4
f,0,0,1,1,138.83,102.05,12,5
z,1,1,1,1,154.63,114.5,4,6
s,0,1,1,1,158.88,111.02,6,9
d,1,1,0,1,130.63,113.33,19,8
f,0,0,1,1,141.8,114.13,3,5
v,1,0,1,1,136.85,118.08,11,2
f,0,0,1,1,145.88,113.77,10,10
f,0,0,1,1,151.52,117.4,8,8
z,1,1,1,1,140.79,118.92,7,6
p,0,0,0,1,119.14,105.78,5,6
v,1,0,1,1,124.5,108.58,5,6
p,0,0,0,1,140.38,114.16,9,5
v,1,0,1,1,127.16,105.28,5,10
p,0,0,0,1,147.84,120.01,13,3
s,0,1,1,1,163.1,113.87,9,6
b,1,0,0,1,124.43,115.7,19,3
s,0,1,1,1,152.73,112.44,8,8
f,0,0,1,1,153.33,121.12,9,5
z,1,1,1,1,148.87,113.17,6,6
s,0,1,1,1,161.91,115.02,12,7
v,1,0,1,1,142.21,109.96,19,2
d,1,1,0,1,146.9,128.17,13,5
f,0,0,1,1,135.52,110.7,17,3
d,1,1,0,1,135.36,119.43,12,8
d,1,1,0,1,145.96,118.13,4,5
s,0,1,1,1,160.78,112.49,15,1
t,0,1,0,1,151.59,115.67,14,2
s,0,1,1,1,158.44,116.51,11,7
p,0,0,0,1,146.65,122.12,8,6
t,0,1,0,1,149.85,107.56,11,8
d,1,1,0,1,138.73,114.4,6,7
p,0,0,0,1,131.84,108.43,7,2
d,1,1,0,1,144.74,119.21,11,1
z,1,1,1,1,160.26,113.9,16,7
d,1,1,0,1,150.14,120.68,10,4
v,1,0,1,1,145.35,124.8,3,6
f,0,0,1,1,144.07,116.79,1,5
f,0,0,1,1,145.03,114.18,13,5
z,1,1,1,1,159.74,125.66,9,9
t,0,1,0,1,149.8,115.26,3,2
z,1,1,1,1,160.66,118.34,8,8
s,0,1,1,1,152.25,110.64,20,6
z,1,1,1,1,145.94,115.96,18,9
t,0,1,0,1,146.85,104.24,7,8
s,0,1,1,1,162.8,117.29,8,2
f,0,0,1,1,138.52,108.78,16,1
v,1,0,1,1,137.24,112.77,6,7
z,1,1,1,1,143.77,110.91,17,1
p,0,0,0,1,136.53,111.44,13,7
z,1,1,1,1,144.54,120.64,3,1
z,1,1,1,1,157.66,114.61,15,5
z,1,1,1,1,145.98,120.76,18,10
z,1,1,1,1,148.8,117.23,19,3
b,1,0,0,1,142.06,123.24,9,10
f,0,0,1,1,140.3,116.36,6,1
z,1,1,1,1,144.16,128.2,14,9
t,0,1,0,1,146.99,112.43,20,9
p,0,0,0,1,139.67,113.68,8,8
d,1,1,0,1,140.9,115.51,17,7
v,1,0,1,1,136.66,118.46,16,7
t,0,1,0,1,135.07,109.65,5,8
z,1,1,1,1,161.08,120.06,12,3
p,0,0,0,1,149.35,123.64,1,3
b,1,0,0,1,126.34,111.65,16,5
f,0,0,1,1,142.3,109.71,12,7
z,1,1,1,1,150.97,120.96,20,3
p,0,0,0,1,143.63,111.47,12,10
p,0,0,0,1,145.56,116.47,11,7
p,0,0,0,1,127.04,101.27,6,10
p,0,0,0,1,139.58,107.74,19,8
b,1,0,0,1,127.64,119.77,19,7
f,0,0,1,1,148.11,107.54,15,1
v,1,0,1,1,149.47,120.24,8,9
v,1,0,1,1,139.29,120.23,3,8
v,1,0,1,1,137.73,106.17,19,5
d,1,1,0,1,144.62,122.36,1,5
b,1,0,0,1,129.45,112.37,7,5
b,1,0,0,1,130.02,114.47,18,1
f,0,0,1,1,132.79,114.61,20,5
t,0,1,0,1,154.3,116.45,4,4
z,1,1,1,1,145.89,114.2,20,6
s,0,1,1,1,161.9,117.45,8,5
d,1,1,0,1,139.07,128.74,3,5
z,1,1,1,1,147.79,120.17,20,9
t,0,1,0,1,145.42,113.56,20,1
z,1,1,1,1,156.76,119.79,4,2
v,1,0,1,1,148.34,119.57,4,3
t,0,1,0,1,151.56,104.03,12,10
p,0,0,0,1,140.42,115.32,16,8
b,1,0,0,1,130.09,115.9,4,1
b,1,0,0,1,146.29,122.25,9,7
s,0,1,1,1,145.94,111.7,18,4
s,0,1,1,1,154.37,107.94,15,7
b,1,0,0,1,133.72,119.68,1,9
t,0,1,0,1,160.92,113.0,8,4
z,1,1,1,1,153.54,118.16,4,10
t,0,1,0,1,142.68,109.46,7,1
z,1,1,1,1,155.21,122.16,1,3
v,1,0,1,1,135.73,115.79,6,4
b,1,0,0,1,127.95,114.21,18,5
b,1,0,0,1,141.43,126.46,13,4
v,1,0,1,1,139.54,115.38,1,3
b,1,0,0,1,130.99,112.9,5,9
v,1,0,1,1,133.25,110.88,17,9
f,0,0,1,1,139.32,105.86,18,10
d,1,1,0,1,147.33,124.23,8,5
t,0,1,0,1,155.16,120.64,4,7
b,1,0,0,1,126.79,116.27,1,7
s,0,1,1,1,150.52,113.16,11,9
t,0,1,0,1,153.17,122.2,4,1
z,1,1,1,1,161.21,126.28,9,5
b,1,0,0,1,131.94,118.67,20,6
z,1,1,1,1,150.82,117.74,6,4
p,0,0,0,1,142.21,111.13,9,9
p,0,0,0,1,142.05,116.37,8,4
p,0,0,0,1,142.11,117.94,4,1
f,0,0,1,1,142.52,107.61,6,3
s,0,1,1,1,151.08,113.31,1,8
f,0,0,1,1,141.3,110.19,12,1
z,1,1,1,1,148.42,126.12,14,10
z,1,1,1,1,144.22,122.97,3,10
z,1,1,1,1,148.03,119.8,20,5
v,1,0,1,1,151.05,118.21,10,2
d,1,1,0,1,130.3,114.89,18,4
f,0,0,1,1,141.14,107.17,16,5
z,1,1,1,1,147.87,126.6,14,5
b,1,0,0,1,121.93,113.67,5,2
s,0,1,1,1,153.06,111.43,12,1
s,0,1,1,1,150.44,109.69,7,8
b,1,0,0,1,142.68,116.71,2,7
b,1,0,0,1,143.27,125.67,8,10
f,0,0,1,1,136.21,105.52,12,8
s,0,1,1,1,157.46,118.41,10,8
b,1,0,0,1,128.11,121.45,12,5
f,0,0,1,1,153.66,121.99,8,4
p,0,0,0,1,135.95,113.38,16,4
d,1,1,0,1,138.7,120.1,20,9
t,0,1,0,1,144.65,108.08,19,4
t,0,1,0,1,151.93,112.39,14,9
s,0,1,1,1,147.26,120.7,3,9
t,0,1,0,1,152.23,116.13,3,7
z,1,1,1,1,158.8,113.75,15,4
p,0,0,0,1,135.79,117.75,17,5
v,1,0,1,1,134.0,120.06,18,6
f,0,0,1,1,144.17,112.95,9,2
z,1,1,1,1,141.0,111.22,5,6
s,0,1,1,1,158.87,111.69,9,2
s,0,1,1,1,156.49,117.97,4,9
v,1,0,1,1,130.21,109.67,17,6
p,0,0,0,1,127.94,108.44,12,5
p,0,0,0,1,131.22,102.75,7,5
f,0,0,1,1,133.06,115.6,17,5
d,1,1,0,1,115.89,112.68,5,1
f,0,0,1,1,143.6,111.18,1,3
p,0,0,0,1,143.32,115.58,3,10
s,0,1,1,1,139.01,106.42,17,3
d,1,1,0,1,139.9,122.46,3,4
t,0,1,0,1,146.43,109.94,19,8
v,1,0,1,1,133.25,113.16,20,3
p,0,0,0,1,145.16,120.06,1,1
b,1,0,0,1,131.46,121.68,15,9
s,0,1,1,1,157.08,124.02,3,8
z,1,1,1,1,140.74,109.7,7,7
p,0,0,0,1,133.11,115.98,17,1
t,0,1,0,1,160.1,113.72,15,1
s,0,1,1,1,148.14,105.16,18,2
z,1,1,1,1,164.75,119.48,16,6
v,1,0,1,1,137.99,111.41,11,9
f,0,0,1,1,146.89,119.13,14,2
b,1,0,0,1,129.77,114.93,18,8
v,1,0,1,1,143.51,108.62,16,8
b,1,0,0,1,128.84,112.62,11,4
b,1,0,0,1,135.31,118.13,4,5
f,0,0,1,1,143.09,109.39,16,9
s,0,1,1,1,136.97,108.61,5,4
s,0,1,1,1,158.7,116.94,2,1
s,0,1,1,1,153.06,107.85,13,7
b,1,0,0,1,138.49,125.72,14,2
p,0,0,0,1,142.31,111.97,11,5
s,0,1,1,1,140.57,107.37,19,7
s,0,1,1,1,156.45,110.09,2,3
t,0,1,0,1,152.97,117.44,4,5
z,1,1,1,1,148.47,121.67,3,7
d,1,1,0,1,131.49,111.05,18,5
d,1,1,0,1,150.8,120.15,10,8
p,0,0,0,1,140.93,109.69,12,6
f,0,0,1,1,139.78,110.68,2,4
b,1,0,0,1,129.94,118.82,6,7
b,1,0,0,1,135.52,115.89,6,8
p,0,0,0,1,142.27,120.08,19,2
s,0,1,1,1,143.39,107.81,17,5
z,1,1,1,1,147.02,128.51,14,8
z,1,1,1,1,142.46,112.04,20,4
v,1,0,1,1,125.56,106.68,5,1
t,0,1,0,1,132.86,109.38,5,9
t,0,1,0,1,146.6,108.43,19,1
t,0,1,0,1,155.8,118.09,14,4
s,0,1,1,1,145.75,112.88,18,7
t,0,1,0,1,155.67,110.7,2,7
s,0,1,1,1,155.02,115.81,7,1
v,1,0,1,1,144.54,118.63,10,1
v,1,0,1,1,140.33,113.18,11,1
d,1,1,0,1,140.91,118.79,15,2
s,0,1,1,1,155.56,110.68,7,9
b,1,0,0,1,125.5,115.07,6,9
v,1,0,1,1,148.36,123.4,8,1
s,0,1,1,1,150.05,113.73,14,5
p,0,0,0,1,133.55,119.09,4,2
b,1,0,0,1,142.43,129.45,14,7
s,0,1,1,1,155.2,109.47,16,7
d,1,1,0,1,141.16,121.06,12,6
b,1,0,0,1,137.66,117.91,1,5
p,0,0,0,1,127.56,107.53,17,2
s,0,1,1,1,158.85,115.89,10,9
p,0,0,0,1,140.99,112.28,19,6
v,1,0,1,1,144.24,124.36,14,5
d,1,1,0,1,135.42,123.63,19,9
z,1,1,1,1,167.96,119.87,8,4
p,0,0,0,1,133.7,106.54,2,2
z,1,1,1,1,158.15,123.12,9,3
s,0,1,1,1,153.39,109.69,2,8
z,1,1,1,1,153.76,114.98,15,10
z,1,1,1,1,140.06,112.81,17,4
d,1,1,0,1,134.43,121.31,1,3
z,1,1,1,1,140.71,110.53,7,9
s,0,1,1,1,161.47,115.58,11,5
t,0,1,0,1,150.5,110.16,13,4
d,1,1,0,1,147.05,121.09,12,2
z,1,1,1,1,156.4,118.57,15,6
p,0,0,0,1,136.19,103.38,2,6
d,1,1,0,1,144.94,116.31,11,10
t,0,1,0,1,158.86,116.73,10,10
b,1,0,0,1,123.67,111.83,5,4
b,1,0,0,1,132.7,122.72,13,1
t,0,1,0,1,151.32,115.27,9,5
f,0,0,1,1,139.34,111.19,20,1
d,1,1,0,1,144.81,118.97,11,5
v,1,0,1,1,137.41,114.18,19,10
s,0,1,1,1,150.67,113.32,20,7
p,0,0,0,1,142.54,118.53,15,2
t,0,1,0,1,161.69,120.85,10,2
b,1,0,0,1,139.87,119.38,16,2
f,0,0,1,1,149.92,113.0,10,5
t,0,1,0,1,161.75,117.71,10,5
f,0,0,1,1,146.1,113.88,9,3
b,1,0,0,1,128.5,116.57,4,2
f,0,0,1,1,145.13,115.93,11,2
p,0,0,0,1,142.42,119.06,13,4
z,1,1,1,1,146.84,111.69,19,7
t,0,1,0,1,143.53,111.72,17,2
t,0,1,0,1,151.84,103.06,15,5
t,0,1,0,1,153.16,112.28,9,4
s,0,1,1,1,137.6,108.55,5,10
p,0,0,0,1,128.33,106.16,2,3
f,0,0,1,1,142.48,110.72,11,1
z,1,1,1,1,158.88,110.9,15,3
p,0,0,0,1,151.65,124.9,10,2
b,1,0,0,1,120.7,116.22,19,1
d,1,1,0,1,143.29,117.28,12,3
d,1,1,0,1,138.64,116.14,17,3
d,1,1,0,1,139.56,113.11,4,9
b,1,0,0,1,130.34,108.89,17,5
v,1,0,1,1,140.71,112.69,6,6
t,0,1,0,1,163.93,118.11,10,3
z,1,1,1,1,148.1,115.99,17,5
s,0,1,1,1,159.32,105.21,15,10
v,1,0,1,1,153.94,122.19,8,2
p,0,0,0,1,137.51,111.71,6,2
v,1,0,1,1,146.23,116.41,8,3
b,1,0,0,1,127.8,115.78,4,10
s,0,1,1,1,158.34,118.57,10,2
z,1,1,1,1,137.25,111.73,11,7
p,0,0,0,1,129.79,106.89,7,6
s,0,1,1,1,147.93,118.17,14,6
b,1,0,0,1,129.07,121.57,3,4
p,0,0,0,1,131.39,107.6,20,9
p,0,0,0,1,131.07,117.93,4,6
b,1,0,0,1,134.23,120.46,16,6
t,0,1,0,1,148.25,110.81,6,3
s,0,1,1,1,153.73,112.17,7,7
d,1,1,0,1,139.3,125.26,8,4
v,1,0,1,1,137.37,115.65,16,9
z,1,1,1,1,160.64,125.88,10,1
v,1,0,1,1,138.73,114.57,16,2
s,0,1,1,1,147.41,108.55,20,3
s,0,1,1,1,148.54,106.57,19,9
p,0,0,0,1,129.95,112.29,12,9
d,1,1,0,1,145.95,116.48,9,10
d,1,1,0,1,130.91,114.92,7,2
d,1,1,0,1,134.17,113.1,7,10
v,1,0,1,1,147.06,118.37,8,4
f,0,0,1,1,140.92,111.3,11,8
v,1,0,1,1,138.3,112.71,19,4
s,0,1,1,1,153.27,110.44,7,6
s,0,1,1,1,137.04,105.74,5,8
f,0,0,1,1,134.82,113.73,20,9
d,1,1,0,1,141.35,118.98,2,8
f,0,0,1,1,150.3,116.04,10,2
z,1,1,1,1,152.57,109.9,11,5
s,0,1,1,1,159.9,114.43,8,3
b,1,0,0,1,132.73,117.61,4,4
d,1,1,0,1,153.08,115.32,10,3
z,1,1,1,1,142.0,110.11,17,2
p,0,0,0,1,131.42,112.86,20,1
z,1,1,1,1,163.07,124.31,9,6
d,1,1,0,1,144.33,113.46,6,10
f,0,0,1,1,132.45,104.24,19,9
d,1,1,0,1,135.53,114.39,18,9
p,0,0,0,1,143.5,114.62,13,6
v,1,0,1,1,136.42,117.82,18,2
b,1,0,0,1,133.81,120.5,2,9
v,1,0,1,1,140.11,121.74,4,4
z,1,1,1,1,143.07,114.36,18,4
v,1,0,1,1,136.15,127.94,13,5
d,1,1,0,1,138.85,115.92,12,10
t,0,1,0,1,154.49,117.57,3,1
z,1,1,1,1,149.48,118.96,7,3
v,1,0,1,1,149.64,123.26,9,8
z,1,1,1,1,157.53,118.46,9,2
f,0,0,1,1,135.73,102.58,7,9
z,1,1,1,1,147.99,119.3,18,3
d,1,1,0,1,131.71,111.1,18,1
v,1,0,1,1,145.06,115.76,17,8
t,0,1,0,1,140.02,108.78,18,1
t,0,1,0,1,154.72,110.56,15,6
s,0,1,1,1,161.69,111.31,15,4
z,1,1,1,1,152.08,114.73,4,5
z,1,1,1,1,154.57,120.88,1,8
b,1,0,0,1,141.3,115.59,1,3
s,0,1,1,1,161.06,112.57,16,6
v,1,0,1,1,131.91,107.03,5,8
v,1,0,1,1,139.9,120.26,14,10
z,1,1,1,1,151.13,110.24,19,9
z,1,1,1,1,155.41,120.6,6,5
t,0,1,0,1,154.37,116.19,16,8
v,1,0,1,1,130.29,111.09,5,9
f,0,0,1,1,132.99,110.39,17,6
p,0,0,0,1,147.07,127.31,10,6
b,1,0,0,1,122.16,109.88,5,3
v,1,0,1,1,133.34,118.82,18,3
b,1,0,0,1,126.04,114.85,19,4
p,0,0,0,1,152.16,124.39,10,8
z,1,1,1,1,157.39,121.79,15,1
d,1,1,0,1,139.92,121.74,6,4
s,0,1,1,1,152.5,115.57,4,8
v,1,0,1,1,141.36,109.29,19,3
s,0,1,1,1,161.39,119.09,16,1
d,1,1,0,1,133.59,112.26,7,4
b,1,0,0,1,135.01,113.18,2,5
p,0,0,0,1,148.0,116.96,8,2
f,0,0,1,1,136.77,105.5,16,10
s,0,1,1,1,154.69,108.33,7,5
d,1,1,0,1,121.07,109.7,5,4
p,0,0,0,1,138.83,110.49,18,3
v,1,0,1,1,144.91,114.99,2,5
z,1,1,1,1,153.03,114.21,2,1
s,0,1,1,1,158.51,120.88,3,1
v,1,0,1,1,140.17,113.62,2,6
p,0,0,0,1,127.27,106.49,12,2
f,0,0,1,1,149.3,113.96,3,6
t,0,1,0,1,154.56,113.74,15,3
d,1,1,0,1,148.61,127.46,14,8
f,0,0,1,1,148.33,112.99,14,3
d,1,1,0,1,147.68,119.82,13,4
d,1,1,0,1,144.1,123.1,13,10
v,1,0,1,1,143.37,117.35,14,3
z,1,1,1,1,149.97,109.44,2,10
b,1,0,0,1,127.36,110.89,5,10
s,0,1,1,1,145.92,107.99,18,9
d,1,1,0,1,135.02,119.74,19,2
f,0,0,1,1,136.77,114.44,3,2
z,1,1,1,1,152.69,116.46,2,9
f,0,0,1,1,133.35,105.35,20,7
f,0,0,1,1,141.71,111.95,1,8
d,1,1,0,1,140.67,112.98,2,3
b,1,0,0,1,123.66,111.89,18,9
d,1,1,0,1,140.34,120.44,6,1
p,0,0,0,1,123.13,109.39,17,10
p,0,0,0,1,139.88,114.25,16,7
p,0,0,0,1,132.08,113.49,17,7
t,0,1,0,1,157.99,109.63,11,9
d,1,1,0,1,134.86,118.22,20,4
p,0,0,0,1,120.67,111.87,20,3
t,0,1,0,1,142.84,110.96,17,6
t,0,1,0,1,154.73,112.83,15,2
p,0,0,0,1,141.12,117.77,14,3
s,0,1,1,1,157.0,115.37,13,8
p,0,0,0,1,149.72,122.97,13,1
b,1,0,0,1,140.45,120.96,9,2
p,0,0,0,1,129.65,105.98,16,3
f,0,0,1,1,139.44,111.36,11,10
p,0,0,0,1,135.11,110.05,18,10
f,0,0,1,1,141.08,114.61,7,3
p,0,0,0,1,138.08,114.99,14,5
f,0,0,1,1,149.94,104.71,15,7
s,0,1,1,1,151.24,113.79,13,3
t,0,1,0,1,151.7,109.66,13,6
p,0,0,0,1,134.4,113.84,17,9
p,0,0,0,1,143.15,109.89,3,9
p,0,0,0,1,134.9,111.93,6,4
d,1,1,0,1,142.06,118.54,6,2
b,1,0,0,1,139.94,123.73,14,9
z,1,1,1,1,146.7,115.92,19,4
p,0,0,0,1,135.47,109.56,7,4
s,0,1,1,1,156.06,111.01,12,10
b,1,0,0,1,149.43,128.39,8,7
p,0,0,0,1,148.28,124.73,11,1
f,0,0,1,1,149.2,120.74,8,5
s,0,1,1,1,159.68,113.29,9,5
v,1,0,1,1,146.56,116.94,2,8
s,0,1,1,1,148.45,119.47,14,3
v,1,0,1,1,146.29,116.73,14,1
f,0,0,1,1,151.91,116.88,10,7
d,1,1,0,1,143.99,128.53,14,6
d,1,1,0,1,141.95,122.95,4,1
f,0,0,1,1,144.52,107.28,16,2
f,0,0,1,1,145.28,115.67,14,8
t,0,1,0,1,149.68,109.5,9,2
p,0,0,0,1,134.76,108.48,16,6
v,1,0,1,1,136.75,124.39,20,4
z,1,1,1,1,140.45,104.71,5,10
v,1,0,1,1,150.76,126.12,9,9
v,1,0,1,1,152.12,118.44,2,7
z,1,1,1,1,152.16,116.8,4,3
p,0,0,0,1,137.34,117.7,14,1
s,0,1,1,1,156.58,123.23,4,10
v,1,0,1,1,150.61,117.06,9,1
t,0,1,0,1,151.41,117.6,4,8
s,0,1,1,1,148.67,110.26,19,3
b,1,0,0,1,140.87,121.38,13,6
t,0,1,0,1,141.75,112.53,17,1
d,1,1,0,1,146.07,125.35,12,4
z,1,1,1,1,156.31,122.13,10,4
f,0,0,1,1,136.7,112.25,20,2
p,0,0,0,1,132.26,112.27,20,7
t,0,1,0,1,154.26,101.15,2,2
v,1,0,1,1,134.37,115.21,18,4
d,1,1,0,1,132.99,123.15,19,6
p,0,0,0,1,118.84,105.24,5,2
s,0,1,1,1,156.45,113.15,7,3
t,0,1,0,1,143.42,112.43,20,10
z,1,1,1,1,143.35,112.14,20,8
p,0,0,0,1,129.24,107.09,5,5
v,1,0,1,1,141.6,116.65,9,2
t,0,1,0,1,142.68,113.91,17,3
t,0,1,0,1,159.99,118.91,8,5
v,1,0,1,1,128.81,105.02,5,3
z,1,1,1,1,158.17,113.93,8,1
p,0,0,0,1,152.91,127.1,10,10
p,0,0,0,1,146.22,116.47,11,10
s,0,1,1,1,161.72,120.16,2,6
p,0,0,0,1,145.02,112.01,6,9
p,0,0,0,1,147.79,114.27,3,2
f,0,0,1,1,153.37,118.14,8,7
s,0,1,1,1,155.51,111.51,2,4
d,1,1,0,1,141.76,120.43,17,5
v,1,0,1,1,141.97,116.46,16,1
s,0,1,1,1,136.15,107.98,5,1
f,0,0,1,1,148.63,118.07,3,3
t,0,1,0,1,148.87,103.29,2,1
p,0,0,0,1,135.12,112.27,9,4
b,1,0,0,1,128.61,115.53,15,6
s,0,1,1,1,140.15,108.78,17,4
z,1,1,1,1,162.47,117.65,16,9
z,1,1,1,1,150.67,118.85,1,5
z,1,1,1,1,154.88,112.13,16,5
z,1,1,1,1,144.78,117.75,3,8
s,0,1,1,1,160.42,115.42,8,7
z,1,1,1,1,145.28,113.87,18,6
d,1,1,0,1,143.86,124.41,8,8
z,1,1,1,1,137.88,125.1,14,7
f,0,0,1,1,144.17,112.21,13,8
s,0,1,1,1,134.79,109.31,5,7
v,1,0,1,1,142.37,114.1,3,9
t,0,1,0,1,158.44,120.3,3,6
p,0,0,0,1,128.84,103.98,2,5
f,0,0,1,1,137.81,111.03,13,4
d,1,1,0,1,144.06,122.68,14,5
d,1,1,0,1,130.85,113.95,7,3
p,0,0,0,1,140.92,116.4,8,10
d,1,1,0,1,118.72,114.72,5,2
s,0,1,1,1,150.26,114.02,20,4
v,1,0,1,1,137.85,113.54,20,9
f,0,0,1,1,151.87,114.78,10,6
b,1,0,0,1,149.99,126.82,8,5
b,1,0,0,1,145.73,130.52,8,3
t,0,1,0,1,150.59,111.47,15,8
b,1,0,0,1,130.68,113.62,17,10
t,0,1,0,1,151.28,112.87,13,1
z,1,1,1,1,161.08,114.99,16,3
d,1,1,0,1,155.08,125.3,10,6
p,0,0,0,1,140.91,112.04,10,3
b,1,0,0,1,132.12,115.91,14,10
d,1,1,0,1,153.49,124.08,13,7
b,1,0,0,1,124.68,118.22,20,2
b,1,0,0,1,147.51,126.83,8,6
z,1,1,1,1,142.11,116.33,17,3
b,1,0,0,1,143.9,122.56,9,1
z,1,1,1,1,145.59,119.1,1,7
b,1,0,0,1,121.75,120.23,20,10
z,1,1,1,1,155.56,106.75,13,8
b,1,0,0,1,128.62,113.6,5,7
v,1,0,1,1,131.88,114.83,17,7
b,1,0,0,1,127.12,112.23,5,5
f,0,0,1,1,138.42,114.35,18,6
v,1,0,1,1,130.77,106.55,18,1
t,0,1,0,1,142.26,113.23,19,10
f,0,0,1,1,140.99,113.13,19,10
b,1,0,0,1,125.91,109.69,7,4
z,1,1,1,1,155.3,120.51,12,9
f,0,0,1,1,145.69,118.07,14,9
v,1,0,1,1,144.51,118.04,16,3
v,1,0,1,1,148.28,112.29,13,7
t,0,1,0,1,156.72,108.89,12,4
s,0,1,1,1,161.53,114.0,16,8
p,0,0,0,1,154.53,122.32,3,1
b,1,0,0,1,143.95,118.95,12,4
s,0,1,1,1,148.3,119.65,14,2
b,1,0,0,1,135.11,116.63,2,6
z,1,1,1,1,146.78,116.4,18,2
s,0,1,1,1,163.29,118.41,9,1
d,1,1,0,1,137.14,120.79,3,8
t,0,1,0,1,151.07,104.85,7,6
t,0,1,0,1,150.8,113.78,16,2
v,1,0,1,1,125.76,109.88,7,5
d,1,1,0,1,138.84,117.49,17,8
p,0,0,0,1,128.91,106.89,5,7
v,1,0,1,1,141.51,114.18,14,8
b,1,0,0,1,129.85,119.56,20,4
p,0,0,0,1,145.42,123.53,10,1
f,0,0,1,1,150.28,119.89,1,6
t,0,1,0,1,135.22,109.24,5,7
f,0,0,1,1,156.66,113.13,9,8
f,0,0,1,1,146.44,107.49,15,8
v,1,0,1,1,137.29,118.02,20,5
z,1,1,1,1,157.53,111.34,16,2
p,0,0,0,1,140.04,105.82,7,7
p,0,0,0,1,136.83,110.37,12,8
b,1,0,0,1,135.2,121.95,15,2
p,0,0,0,1,134.77,108.16,15,9
d,1,1,0,1,142.34,120.98,9,5
f,0,0,1,1,142.33,105.81,16,8
v,1,0,1,1,133.88,115.84,4,9
z,1,1,1,1,157.42,116.68,4,4
v,1,0,1,1,137.9,112.27,7,10
f,0,0,1,1,151.68,119.23,8,9
t,0,1,0,1,148.44,115.33,18,2
p,0,0,0,1,135.78,115.86,14,10
z,1,1,1,1,152.71,113.0,11,4
s,0,1,1,1,155.65,114.3,8,9
d,1,1,0,1,148.12,129.8,8,3
v,1,0,1,1,137.69,117.3,11,7
v,1,0,1,1,142.83,119.79,13,9
f,0,0,1,1,137.92,115.78,4,9
d,1,1,0,1,128.89,110.99,18,6
d,1,1,0,1,144.99,119.74,4,3
f,0,0,1,1,136.41,115.53,17,7
d,1,1,0,1,149.31,120.76,13,9
z,1,1,1,1,146.5,110.39,18,1
s,0,1,1,1,152.83,113.49,1,1
b,1,0,0,1,142.81,122.65,1,4
v,1,0,1,1,141.35,109.63,7,3
v,1,0,1,1,145.92,121.85,10,6
p,0,0,0,1,148.05,119.29,1,2
p,0,0,0,1,149.71,118.9,1,6
t,0,1,0,1,136.74,112.41,17,8
b,1,0,0,1,130.5,109.82,17,2
t,0,1,0,1,132.26,111.43,5,3
v,1,0,1,1,131.74,105.17,17,3
b,1,0,0,1,137.49,122.2,20,3
d,1,1,0,1,149.92,121.08,2,6
b,1,0,0,1,120.68,114.29,2,3
s,0,1,1,1,145.66,113.92,11,1
t,0,1,0,1,160.58,116.67,10,7
d,1,1,0,1,133.59,110.76,16,10
v,1,0,1,1,141.17,101.84,12,2
t,0,1,0,1,157.47,118.38,8,3
f,0,0,1,1,142.58,114.15,6,4
d,1,1,0,1,150.59,127.68,8,2
b,1,0,0,1,128.25,122.27,12,7
z,1,1,1,1,153.58,121.26,18,8
p,0,0,0,1,145.06,115.46,9,10
v,1,0,1,1,134.18,113.32,12,9
p,0,0,0,1,126.57,108.57,5,3
s,0,1,1,1,161.54,112.43,9,3
s,0,1,1,1,161.2,116.88,6,2
p,0,0,0,1,135.35,106.78,2,7
z,1,1,1,1,145.23,116.44,20,1
b,1,0,0,1,126.45,112.44,7,2
d,1,1,0,1,148.28,118.27,2,10
v,1,0,1,1,143.24,118.96,6,2
d,1,1,0,1,121.12,111.68,11,4
v,1,0,1,1,131.12,118.52,20,8
b,1,0,0,1,137.82,124.83,14,5
p,0,0,0,1,126.74,109.74,5,10
t,0,1,0,1,149.81,109.21,9,3
d,1,1,0,1,140.98,123.09,1,10
d,1,1,0,1,127.87,111.97,7,5
d,1,1,0,1,126.3,116.89,11,2
d,1,1,0,1,154.14,126.5,10,5
v,1,0,1,1,132.98,109.93,6,10
z,1,1,1,1,157.09,116.95,13,6
t,0,1,0,1,168.03,109.97,11,4
s,0,1,1,1,138.71,111.82,17,10
v,1,0,1,1,145.06,118.73,2,10
f,0,0,1,1,148.29,111.61,1,4
b,1,0,0,1,134.71,114.96,16,9
s,0,1,1,1,160.73,119.28,8,1
t,0,1,0,1,161.32,109.82,11,6
s,0,1,1,1,145.82,105.75,7,2
d,1,1,0,1,143.07,121.43,6,3
p,0,0,0,1,146.11,110.62,15,1
s,0,1,1,1,149.18,113.83,14,8
t,0,1,0,1,139.4,113.05,20,2
s,0,1,1,1,147.6,105.99,18,6
f,0,0,1,1,134.64,104.95,19,7
s,0,1,1,1,146.72,108.57,7,10
t,0,1,0,1,152.24,112.74,3,9
t,0,1,0,1,155.02,110.54,12,1
d,1,1,0,1,140.55,118.39,15,4
d,1,1,0,1,131.24,117.37,19,5
f,0,0,1,1,146.68,109.09,15,6
f,0,0,1,1,139.22,109.28,12,4
p,0,0,0,1,124.49,112.81,18,7
p,0,0,0,1,137.0,111.57,15,6
t,0,1,0,1,149.0,108.3,9,8
z,1,1,1,1,158.02,119.1,4,7
s,0,1,1,1,149.79,108.89,13,6
s,0,1,1,1,151.1,114.78,14,1
d,1,1,0,1,146.21,115.64,11,7
b,1,0,0,1,136.82,117.58,9,4
b,1,0,0,1,135.3,120.8,10,4
s,0,1,1,1,145.3,107.43,11,6
t,0,1,0,1,148.28,113.04,6,1
p,0,0,0,1,141.64,111.85,6,7
s,0,1,1,1,159.64,112.21,9,8
t,0,1,0,1,143.99,109.1,20,8
t,0,1,0,1,150.73,115.96,3,3
f,0,0,1,1,145.25,117.92,14,6
b,1,0,0,1,128.06,125.15,14,6
v,1,0,1,1,124.48,105.46,5,2
v,1,0,1,1,144.08,117.79,1,5
p,0,0,0,1,128.51,110.65,7,1
z,1,1,1,1,158.44,115.91,13,3
t,0,1,0,1,160.34,116.66,1,9
p,0,0,0,1,134.17,116.75,15,4
t,0,1,0,1,152.86,112.74,3,10
p,0,0,0,1,139.25,112.56,13,2
v,1,0,1,1,139.98,106.86,12,7
f,0,0,1,1,137.62,110.38,18,3
p,0,0,0,1,124.5,106.34,5,8
v,1,0,1,1,133.17,107.45,20,6
b,1,0,0,1,134.14,113.34,11,10
b,1,0,0,1,132.69,124.77,3,7
s,0,1,1,1,151.6,110.53,19,4
z,1,1,1,1,158.07,112.96,6,9
v,1,0,1,1,131.36,121.99,3,2
t,0,1,0,1,150.11,111.86,9,9
d,1,1,0,1,141.3,118.31,6,9
p,0,0,0,1,137.99,115.94,11,2
p,0,0,0,1,136.13,116.63,1,9
s,0,1,1,1,145.49,105.83,18,5
z,1,1,1,1,164.86,116.7,16,4
v,1,0,1,1,147.73,115.61,10,4
f,0,0,1,1,143.08,110.09,7,5
f,0,0,1,1,139.52,112.25,4,4
v,1,0,1,1,138.4,110.05,1,2
z,1,1,1,1,138.02,107.03,5,4
p,0,0,0,1,123.13,112.23,18,8
p,0,0,0,1,129.17,102.78,7,8
z,1,1,1,1,155.68,117.56,13,4
s,0,1,1,1,153.95,107.77,12,4
s,0,1,1,1,144.69,118.22,14,10
f,0,0,1,1,152.21,108.92,9,10
s,0,1,1,1,159.79,106.83,15,3
p,0,0,0,1,150.42,119.98,1,10
d,1,1,0,1,148.34,123.76,14,3
d,1,1,0,1,144.4,118.42,9,4
d,1,1,0,1,144.07,115.25,16,1
d,1,1,0,1,143.21,113.32,15,8
s,0,1,1,1,152.0,112.57,12,9
t,0,1,0,1,147.57,111.82,13,5
b,1,0,0,1,135.12,119.51,18,2
t,0,1,0,1,146.98,115.89,14,7
p,0,0,0,1,137.0,107.27,16,2
t,0,1,0,1,164.83,111.09,8,2
t,0,1,0,1,143.55,108.75,7,10
p,0,0,0,1,129.35,110.64,18,5
s,0,1,1,1,145.2,105.21,18,8
z,1,1,1,1,145.75,124.24,3,9
b,1,0,0,1,130.2,121.21,17,4
v,1,0,1,1,138.77,106.38,20,10
t,0,1,0,1,150.28,105.48,7,9
f,0,0,1,1,140.18,111.85,4,8
s,0,1,1,1,152.36,110.64,1,2
z,1,1,1,1,149.26,114.06,7,8
t,0,1,0,1,146.64,109.17,15,9
z,1,1,1,1,149.93,113.11,4,9
z,1,1,1,1,157.33,119.22,7,1
d,1,1,0,1,146.18,123.08,12,9
b,1,0,0,1,131.99,124.93,12,2
d,1,1,0,1,152.84,129.02,8,1
p,0,0,0,1,127.22,108.92,18,2
f,0,0,1,1,142.68,110.25,7,1
b,1,0,0,1,118.64,113.32,5,1
v,1,0,1,1,127.92,107.62,7,4
p,0,0,0,1,141.8,107.36,11,8
p,0,0,0,1,146.33,119.89,1,4
z,1,1,1,1,138.68,117.01,17,10
s,0,1,1,1,158.22,116.45,19,8
s,0,1,1,1,158.99,115.65,10,1
v,1,0,1,1,139.11,115.79,16,5
z,1,1,1,1,153.19,119.94,2,8
d,1,1,0,1,138.26,119.4,1,4
d,1,1,0,1,148.91,116.61,9,2
t,0,1,0,1,154.45,102.54,15,7
d,1,1,0,1,145.47,127.51,14,2
z,1,1,1,1,141.39,111.87,17,8
f,0,0,1,1,143.44,110.19,2,5
v,1,0,1,1,142.27,117.17,19,1
d,1,1,0,1,132.94,120.24,20,10
d,1,1,0,1,137.53,123.4,1,9
s,0,1,1,1,158.04,116.07,1,5
v,1,0,1,1,139.5,115.06,11,8
v,1,0,1,1,142.26,112.65,12,5
b,1,0,0,1,132.58,123.46,17,9
s,0,1,1,1,141.61,109.39,17,2
s,0,1,1,1,153.86,107.94,6,10
d,1,1,0,1,140.18,121.58,1,8
d,1,1,0,1,153.29,124.02,9,1
v,1,0,1,1,141.84,116.75,15,6
f,0,0,1,1,148.28,112.19,1,10
v,1,0,1,1,127.97,113.45,5,7
d,1,1,0,1,137.25,122.86,4,6
t,0,1,0,1,157.66,122.18,10,4
z,1,1,1,1,162.3,126.44,10,7
f,0,0,1,1,143.14,111.71,8,1
b,1,0,0,1,128.88,116.81,18,6
v,1,0,1,1,138.27,113.28,6,8
p,0,0,0,1,130.62,113.74,4,4
v,1,0,1,1,137.11,114.95,2,1
f,0,0,1,1,135.44,102.99,18,2
p,0,0,0,1,145.6,119.68,3,3
p,0,0,0,1,136.76,109.22,20,8
s,0,1,1,1,156.93,110.84,6,8
z,1,1,1,1,159.67,127.22,9,7
z,1,1,1,1,154.08,123.33,6,1
t,0,1,0,1,154.1,117.52,9,1
b,1,0,0,1,137.93,114.83,16,7
f,0,0,1,1,126.05,109.66,5,5
d,1,1,0,1,146.52,122.08,1,7
t,0,1,0,1,157.95,110.59,1,8
t,0,1,0,1,162.62,117.95,10,8
b,1,0,0,1,136.48,117.15,16,1
z,1,1,1,1,137.96,112.71,20,2
p,0,0,0,1,132.3,104.82,17,6
f,0,0,1,1,136.91,107.56,5,7
p,0,0,0,1,144.0,116.39,6,5
v,1,0,1,1,141.65,121.37,3,1
p,0,0,0,1,130.92,115.63,14,7
d,1,1,0,1,143.27,124.19,14,4
p,0,0,0,1,134.39,112.07,13,10
d,1,1,0,1,139.68,114.27,16,4
f,0,0,1,1,137.08,107.02,12,6
p,0,0,0,1,134.92,110.13,19,4
d,1,1,0,1,130.53,117.1,18,10
t,0,1,0,1,153.67,114.39,8,8
f,0,0,1,1,148.37,108.11,15,2
d,1,1,0,1,144.21,113.3,11,9
v,1,0,1,1,138.83,113.26,4,8
d,1,1,0,1,143.36,117.49,2,9
z,1,1,1,1,156.95,114.93,15,8
f,0,0,1,1,150.28,113.88,8,2
b,1,0,0,1,132.69,118.75,12,6
f,0,0,1,1,139.73,107.73,20,4
p,0,0,0,1,140.9,117.38,3,8
f,0,0,1,1,149.63,110.27,9,7
v,1,0,1,1,153.63,115.6,9,6
t,0,1,0,1,155.25,106.45,11,7
p,0,0,0,1,148.98,115.68,4,5
p,0,0,0,1,136.31,114.54,16,1
f,0,0,1,1,143.13,106.43,2,8
p,0,0,0,1,130.19,117.83,4,3
d,1,1,0,1,120.76,108.23,5,7
b,1,0,0,1,141.8,112.35,11,9
z,1,1,1,1,145.71,111.76,20,7
t,0,1,0,1,137.46,109.2,17,4
t,0,1,0,1,152.33,120.81,4,10
b,1,0,0,1,130.48,109.77,18,7
v,1,0,1,1,131.15,112.83,17,2
v,1,0,1,1,133.61,108.47,1,1
v,1,0,1,1,140.39,119.79,1,8
f,0,0,1,1,136.57,111.01,17,8
p,0,0,0,1,132.35,104.21,2,8
b,1,0,0,1,132.03,114.43,7,6
t,0,1,0,1,151.02,116.54,4,2
z,1,1,1,1,153.14,115.39,12,10
s,0,1,1,1,162.51,112.74,16,3
s,0,1,1,1,163.09,113.16,15,5
d,1,1,0,1,149.07,120.78,9,7
b,1,0,0,1,140.56,116.6,2,1
p,0,0,0,1,139.24,108.45,2,9
f,0,0,1,1,137.72,105.81,19,8
v,1,0,1,1,141.03,112.75,2,4
b,1,0,0,1,137.12,113.38,9,3
f,0,0,1,1,142.35,110.06,6,7
d,1,1,0,1,138.23,121.03,20,6
p,0,0,0,1,142.31,112.98,2,10
z,1,1,1,1,166.25,116.54,16,1
z,1,1,1,1,164.43,125.65,10,2
v,1,0,1,1,136.97,118.29,13,3
d,1,1,0,1,148.97,121.92,4,10
t,0,1,0,1,148.72,111.11,6,8
p,0,0,0,1,139.63,116.49,16,9
s,0,1,1,1,148.76,110.45,11,3
v,1,0,1,1,143.95,115.0,1,9
b,1,0,0,1,118.67,111.16,7,9
d,1,1,0,1,139.2,113.14,15,6
s,0,1,1,1,162.3,110.86,15,8
s,0,1,1,1,155.65,110.18,6,7
s,0,1,1,1,154.46,124.82,3,5
b,1,0,0,1,129.77,117.24,12,9
f,0,0,1,1,129.1,111.58,17,9
z,1,1,1,1,140.75,107.33,5,9
